1053_at,1554572_a_at,1554696_s_at,1556206_at,1558447_at,1558448_a_at,1562755_at,1569609_at,200795_at,202240_at,202613_at,202705_at,202779_s_at,202870_s_at,202954_at,203214_x_at,203358_s_at,203362_s_at,203418_at,203696_s_at,204092_s_at,204162_at,204508_s_at,204768_s_at,204825_at,204962_s_at,205225_at,205891_at,206209_s_at,207828_s_at,209408_at,209464_at,210052_s_at,211519_s_at,211565_at,214710_s_at,215304_at,215397_x_at,216092_s_at,216836_s_at,217383_at,218009_s_at,218039_at,218211_s_at,218355_at,218542_at,218755_at,219918_s_at,220054_at,220232_at,220581_at,221677_s_at,222608_s_at,223229_at,223861_at,224447_s_at,224753_at,225191_at,225687_at,227232_at,228241_at,228362_s_at,229150_at,235786_at,237086_at,238062_at,242555_at,243689_s_at,Class
8.36311,8.85273,7.48152,1.7062,2.7441,3.70181,2.44933,2.53289,10.1528,7.12087,8.29213,10.2079,9.89364,10.6462,11.7423,10.134,7.9449,11.185,8.59414,8.62584,8.40425,8.87495,2.2955,8.86355,11.3519,10.3236,3.43068,1.57237,2.22168,11.2647,8.81489,7.24769,10.6915,7.82659,2.04601,10.8546,2.62939,3.54164,5.34128,8.90936,1.4888,9.91605,10.9123,0.749024,7.99136,8.89371,7.94043,11.3286,3.85796,6.92953,2.26217,9.51965,10.8812,11.0554,8.10733,8.71633,8.46682,6.02664,10.7312,5.6618,1.8073,2.13512,3.20107,7.01581,2.03087,2.21535,2.72891,2.55811,Basal
8.72194,9.43771,9.71915,1.7065,2.30944,3.41319,2.44181,2.54328,9.4148,5.02352,8.10156,10.1266,10.2462,10.5054,10.8132,9.67031,10.134,10.374,7.86233,8.81626,7.67572,10.046,2.42187,9.18579,10.7665,9.13352,1.39794,1.63651,2.21219,10.8814,8.08284,6.84452,10.543,6.89988,2.04381,10.8209,5.1511,3.84529,4.59018,5.90628,2.71689,10.2717,11.2592,0.874297,7.34084,9.15386,9.8876,9.86637,3.96505,6.93884,2.24742,9.44924,9.66708,9.87715,11.8511,8.29859,8.60214,5.60516,9.37133,5.72621,1.82845,2.38723,2.52655,7.67162,1.94405,2.1851,2.94026,2.64597,Basal
7.78601,6.9482,7.78343,1.71388,2.78397,3.46019,2.47114,2.59736,11.1886,2.97226,6.61439,8.98982,9.35996,8.73316,10.111,8.28945,7.92991,9.42657,5.26395,8.13012,6.78376,7.83221,7.40741,6.41531,9.19466,7.64947,2.88125,1.58039,2.25596,9.09535,7.19041,6.34948,8.04147,4.7738,2.05501,10.2322,6.80878,4.42588,8.1462,14.7902,2.90932,9.23168,9.91665,9.71609,6.06081,7.00296,8.01113,8.30089,3.88459,7.01125,2.27538,8.14666,9.26879,8.3658,2.63069,13.6615,7.43965,6.90102,8.04324,6.48684,1.83649,2.10819,9.46466,9.79936,9.27777,2.22616,3.08365,2.57952,Her2
9.44537,9.90623,10.0187,1.72337,2.62504,3.55326,2.49241,2.63327,8.11718,7.06319,9.61333,10.4418,10.6825,11.0036,11.8922,10.1835,8.19207,11.4107,8.82599,9.88189,9.41112,10.1098,2.25458,8.0736,9.8786,10.8034,3.02346,6.30299,2.31394,10.8528,9.72089,7.4903,10.7799,8.63114,2.07886,11.396,2.70255,3.57941,4.51038,7.71579,2.62003,10.241,10.5348,0.846259,8.09985,8.96372,10.2185,10.8553,4.92453,7.16507,2.30476,8.21477,10.7953,9.7303,8.62712,8.83554,8.0618,4.67799,11.6138,3.79875,1.83823,3.78574,3.12853,6.94761,2.06366,2.31268,3.10962,2.67886,Basal
7.71242,6.77895,5.32339,1.72153,2.67039,3.34809,2.47935,2.58136,10.7003,3.2511,7.53388,9.02235,9.15403,8.38627,10.1823,8.80235,8.92308,9.83953,5.78158,8.14043,6.67574,8.47656,8.18642,7.15759,9.21101,7.99659,2.56285,2.89261,2.24512,9.01085,5.6531,6.07983,8.03599,3.35671,2.06549,10.2739,7.2764,5.44386,9.43922,14.5636,3.86434,8.89642,9.85351,10.9345,6.2304,7.49344,7.60348,9.04318,3.98502,7.2487,2.2741,7.64177,9.36755,9.38322,9.18709,11.8029,6.58991,5.47449,8.37435,3.15114,8.84976,2.40924,10.2276,7.78188,9.44686,2.24268,2.96645,2.61007,Her2
7.84274,7.56736,7.65871,1.70886,2.87373,4.4097,2.46008,2.54635,11.3926,2.953,7.1397,9.0731,8.64604,8.44868,9.25189,8.51113,8.14929,8.56001,4.2387,8.08311,6.12867,8.52029,6.6783,7.09518,8.76774,7.6719,1.99425,4.1668,2.21695,8.7018,7.11782,5.86411,8.10221,5.49661,2.04348,8.88792,5.68428,4.24007,7.84643,14.3538,4.10635,9.13431,9.92946,10.6589,6.33614,7.66647,8.72719,8.30419,4.0649,7.23805,2.26451,8.47581,9.91417,7.88617,2.67895,13.5423,6.88346,6.78776,8.28195,7.11009,8.43018,2.34126,10.7488,8.36394,8.2977,2.82312,2.93339,2.58023,Her2
7.56238,7.92411,7.72888,1.71176,2.75868,3.70967,2.44962,2.5899,10.4578,5.87808,8.06778,10.5255,9.68836,9.85855,10.7077,9.13668,7.96693,11.0192,7.59406,7.6886,7.85179,9.34407,2.9064,7.01737,9.83119,9.47327,3.41362,4.14385,2.25045,10.1999,8.23503,7.41452,9.6658,6.9184,2.04589,9.90006,2.21951,3.65801,7.24751,8.46858,0.996432,8.65282,10.2676,6.59241,7.01072,8.52097,9.28958,9.96398,4.79704,7.05252,2.27497,8.43928,8.54982,8.6097,8.92274,8.5593,7.49951,6.36331,9.27415,7.44883,1.88296,5.48849,5.90363,8.3237,2.03818,2.22991,2.80375,2.5702,Basal
8.0154,9.05076,8.5877,1.70691,2.55098,3.80714,2.44522,2.53139,10.7139,4.28489,8.28342,10.5726,9.4574,9.85783,10.7629,8.17379,9.03627,10.2263,7.8103,8.16349,8.20424,9.60885,2.93239,7.25811,9.99597,9.94374,2.75647,4.73236,2.21575,10.2894,7.68262,7.47336,9.92052,6.18362,2.04063,9.81658,2.55184,3.62152,5.40778,9.9324,3.06403,10.5265,9.91194,4.33724,7.66285,7.26094,8.86592,10.3967,5.32366,6.5005,2.25031,9.07723,9.32834,9.04239,7.32408,9.51656,7.01984,6.35708,10.4954,6.03881,3.12525,2.80364,4.29827,8.0703,2.00418,2.26891,2.90552,2.49659,Basal
9.37874,8.43127,12.4351,1.71314,2.78757,3.7159,2.46091,2.59364,10.65,5.78456,8.81195,10.7625,10.7154,11.3138,11.3693,10.5997,10.885,10.889,8.62963,9.75946,9.01766,11.6612,3.32544,8.49103,9.99883,9.76303,1.3781,1.57873,2.25296,11.1993,9.35542,8.28409,11.0704,8.42523,2.05281,11.1638,5.25554,3.85946,7.32489,6.83814,4.47045,10.3441,11.1882,1.88173,9.05662,8.41991,11.1378,10.9668,3.86677,7.01587,2.27334,8.94981,10.6576,9.46551,8.88581,7.17292,9.02283,6.61155,9.52919,6.09382,1.82607,2.14161,2.49056,7.96343,2.05018,2.22396,2.80572,2.60542,Basal
9.45426,9.15998,9.28715,1.71629,2.97258,3.73862,2.47326,2.58037,10.8399,5.45129,8.25395,9.31433,9.18751,9.47675,10.6562,10.8505,9.86037,11.2613,7.32181,9.93064,8.04853,9.57844,3.25437,8.79586,10.189,8.64944,1.47601,1.87262,2.2338,11.7628,8.16634,6.7117,9.75101,7.08141,2.06093,9.80347,2.52038,3.66309,4.57726,9.84851,2.87833,10.4859,10.04,1.48757,7.5336,8.03819,8.08379,10.9919,3.96209,7.19137,2.27642,10.2879,8.8223,11.6083,10.4037,10.1421,7.87551,6.89033,9.89107,5.10031,1.82296,2.36901,2.6156,7.35568,2.04391,2.26751,3.22607,2.58752,Basal
8.09954,8.89832,9.62847,1.70539,2.73809,4.25569,2.44241,2.51788,10.8413,4.92161,7.65385,10.1384,9.91065,9.58253,10.5103,9.21022,8.66033,10.906,7.92369,8.32762,8.39083,9.86065,3.07399,6.49129,10.9052,9.1855,2.63565,4.38422,2.21606,10.7634,7.8741,6.92413,9.47749,6.28797,2.0671,10.0881,3.17056,3.54387,5.03838,9.29072,2.68208,10.0118,10.6577,0.851954,6.1643,8.64156,8.25847,10.5877,3.88099,6.96346,2.26351,9.93077,9.53631,9.0879,2.60667,8.93374,6.92098,6.2492,9.98076,6.60626,1.79285,2.11181,2.04465,7.91679,2.01403,2.22243,3.43764,2.58564,Basal
8.21743,7.82021,6.65833,1.7116,2.4518,3.71388,2.45321,2.5865,11.7032,3.55833,5.50794,8.86213,9.74804,8.17758,10.6091,9.58342,8.06411,10.2539,6.96546,8.39841,7.1059,7.79408,3.69755,7.33938,9.11092,8.41594,3.51145,1.67391,2.23392,9.46742,6.87108,6.20058,9.05259,5.17456,2.05337,10.7617,6.22039,4.07754,8.49141,14.9421,2.49083,8.75947,10.1028,9.97543,6.61482,7.92277,9.1131,9.543,3.97363,7.3929,2.26679,7.04268,9.7929,9.10438,2.65695,13.5246,7.1784,7.69053,9.21045,8.08121,11.4189,2.38001,10.1758,9.42326,9.72761,2.18315,3.62813,2.66977,Her2
8.47638,7.77948,8.54237,1.7196,2.86653,3.73032,2.47978,2.60535,11.5712,4.16979,7.22004,9.08935,9.75447,8.5655,10.5814,8.92804,9.0104,9.76722,6.41654,8.92565,7.91714,9.01825,6.82298,7.97458,10.3784,8.2847,2.51491,1.58682,2.26307,9.34005,7.34758,6.18675,9.20771,6.24336,2.06424,10.4605,4.81128,3.55455,5.74824,14.7518,3.75735,9.57337,9.56756,9.55278,7.58649,7.92919,9.21552,9.18472,3.87618,7.01789,2.28043,8.91186,9.31975,8.88144,2.64086,14.9031,7.39485,6.60783,9.0585,6.95924,4.50831,2.06688,8.98191,8.78801,8.69159,2.23309,2.76731,3.32372,Her2
7.84711,7.17677,7.93219,1.70489,2.84797,4.23332,2.48065,2.52318,11.2347,3.66147,7.20014,9.9056,9.18784,9.25023,9.92366,9.17777,8.92265,9.63644,6.15092,8.10511,6.95468,8.90297,7.48397,6.79391,8.2772,8.32665,3.40846,4.99337,2.20526,8.87324,6.8704,6.86149,8.78672,4.79767,2.04379,9.45625,7.35666,4.74425,7.49527,14.5999,2.38367,9.44875,9.85288,10.3469,6.14788,7.87488,7.39253,8.97488,3.96309,6.89356,2.26517,8.90117,9.16418,8.36448,2.6093,13.4065,6.23465,7.81271,8.42767,7.91696,1.7983,2.33945,9.89907,8.89834,8.33958,2.24671,2.79259,2.55346,Her2
8.50635,7.19391,8.01208,1.70862,3.7857,4.96065,2.45551,2.54631,11.031,3.54429,6.20849,9.07002,9.30054,8.70141,9.95129,8.72571,8.78062,10.0444,6.58232,8.55668,7.41697,8.28883,6.98754,7.02321,9.62011,8.07408,7.61837,1.57495,2.22977,8.27019,7.40319,6.15709,9.05276,5.79459,2.04404,10.2879,6.92541,5.38369,7.97887,13.2967,4.89667,9.20323,9.75456,9.22732,7.15429,7.6629,7.90613,9.02497,3.84394,7.00504,2.68931,8.57174,9.93902,8.75478,2.61716,12.582,6.89102,7.46649,8.29137,7.39844,4.0218,3.22226,8.50595,7.9276,8.32699,2.21965,2.78338,2.57543,Her2
7.92972,9.01173,9.71315,1.70438,2.62433,3.05641,2.43107,2.52213,10.3532,6.6297,7.69141,10.6137,9.882,9.70617,9.33144,9.34021,9.01207,10.5167,7.78582,8.30293,8.00993,10.2973,3.01388,8.99334,10.7905,9.21553,1.25545,4.47922,2.20932,10.415,7.97567,7.03776,10.2175,6.82214,2.04319,10.256,5.46493,3.72169,4.91302,10.7528,2.59556,11.1911,10.3345,3.62428,6.66726,7.84948,9.35088,9.41769,3.91063,6.78668,2.22173,10.2368,11.0127,9.50971,10.8177,9.20432,8.16189,5.84901,8.70023,6.51994,1.83649,2.35782,3.07959,8.03686,1.94823,2.20679,3.29918,2.59625,Basal
8.21145,9.24082,7.19029,1.70855,3.47556,4.69424,2.45642,2.54303,10.7592,2.04903,6.3661,8.73901,8.78243,10.0939,9.83345,8.76708,8.46308,8.80282,4.17651,8.56926,7.84554,8.04519,3.60817,7.42495,8.20562,7.29597,3.43514,2.69138,2.64984,8.56914,8.91995,6.46876,8.6593,7.71236,2.04946,9.22132,6.51201,3.97657,6.18945,14.8022,6.04179,9.30204,9.12519,10.7139,6.28701,6.22648,7.76051,7.54726,3.85673,6.91971,2.27167,8.22917,8.87007,8.82462,2.61331,13.322,6.88258,7.70975,8.06293,6.85827,5.23582,2.03286,11.0067,10.8033,8.68186,2.20575,3.73293,2.72989,Her2
8.33146,8.17617,9.22506,1.714,2.75781,3.67121,2.45855,2.59407,10.3011,6.52435,8.56678,9.79744,11.0324,10.175,10.1239,8.48678,8.92472,10.9178,8.42009,8.83854,6.59343,10.2741,2.63008,7.36214,11.3327,9.30442,2.05398,2.72183,2.23493,11.041,8.39548,7.34663,9.76301,7.00264,2.07068,10.4973,7.3028,4.88533,6.53483,8.7026,2.80989,10.3796,10.4623,4.1374,7.30943,8.8188,9.2922,10.1532,3.8802,7.12352,2.27547,8.09116,9.58265,9.08818,10.1894,9.07564,6.54718,5.87738,8.94215,7.44504,2.03916,4.88314,3.38445,8.18481,2.04741,2.21827,2.85223,2.61161,Basal
6.61467,8.66162,8.08606,1.70857,2.98294,3.80271,2.45593,2.56365,10.367,2.11027,7.51938,8.03978,9.22033,7.18533,9.11276,7.41134,8.05021,8.20097,5.77025,7.06076,5.7372,7.2738,2.96135,6.60103,7.84383,6.19426,1.44713,5.40541,2.21563,9.04266,6.54967,6.13634,7.67659,4.40152,2.04478,7.49041,2.78461,3.70534,4.54703,9.37677,2.22958,8.85343,7.38609,2.16067,3.17926,7.20095,5.79669,8.05581,4.44057,7.03519,2.25723,7.72039,8.48527,8.62266,9.04359,9.41681,5.97455,6.04178,6.66462,5.64202,7.01176,2.39172,2.9233,8.28496,1.99144,2.23928,3.87097,2.54628,Basal
8.24303,9.09894,9.01309,1.71678,2.76722,3.68976,2.47521,2.60094,10.5687,2.73649,7.98377,8.3469,8.94942,8.08266,10.2362,8.94935,9.04404,10.3599,6.95852,8.13237,8.09977,8.96541,6.74714,6.83154,9.15821,8.86237,5.96891,1.56332,2.25905,8.90345,7.05872,6.18176,8.71251,4.83688,2.05538,9.96704,2.96897,3.69406,9.10626,14.1348,0.57458,8.54523,9.44103,8.7301,4.37694,7.23536,7.224,8.44702,3.88681,6.96698,2.27655,7.50168,8.51902,8.90175,2.636,13.1619,6.92671,7.20001,8.39231,7.44464,1.90575,2.26633,8.34667,8.2819,8.45632,2.23501,4.86747,2.59565,Her2
7.64069,7.894,7.40293,1.71013,2.6103,3.20452,2.44978,2.53751,11.1674,3.36896,6.5767,8.84449,9.32013,8.21791,9.81474,9.20324,8.78435,9.87044,6.37252,7.94057,6.37628,7.8618,7.4333,6.66531,10.2256,7.89084,3.63553,1.72268,2.21445,8.79252,6.8848,6.25251,8.35289,5.43856,2.04228,9.50973,3.12612,3.6238,8.12341,13.5759,3.19278,8.76088,10.2364,10.3589,6.16618,7.74507,7.74011,8.56261,3.97123,7.16139,2.26863,7.99585,9.65166,9.22617,2.65156,12.3651,6.66217,7.19496,8.20964,7.3565,1.81502,2.94324,10.156,8.60994,8.76988,2.23607,3.50034,2.52992,Her2
7.84357,7.25506,5.61578,1.71687,2.83182,3.6609,2.4735,2.6002,11.2266,2.50357,6.15374,7.74422,9.62497,7.16526,9.89881,8.96672,8.69272,8.26537,3.88861,8.11158,5.96537,6.78994,3.88776,7.05594,7.56274,7.56528,3.41893,1.58409,2.26834,9.36593,7.75358,5.20848,8.26737,6.1406,2.06084,9.80966,5.60224,3.82894,7.93983,13.9818,3.71242,7.97473,8.68854,10.2365,4.9681,6.39775,8.20265,8.17464,3.88622,6.96166,2.27701,8.59811,9.09281,8.96604,2.63208,12.4004,6.38557,6.47158,7.457,7.34086,1.8375,2.06749,10.2174,8.85241,9.96249,2.23544,2.75736,2.61821,Her2
6.66872,8.30432,8.63362,1.70631,4.43172,5.20527,2.45856,2.54895,10.4052,5.27178,8.40413,9.5199,9.1256,9.85148,10.428,8.00139,9.5125,9.51416,5.85707,7.10707,8.10187,9.89357,1.70567,7.06674,10.081,8.8995,2.53172,2.75066,2.21275,10.5744,7.7562,8.01772,9.57911,5.36283,2.04179,9.07765,2.80604,3.34699,6.34645,9.24717,2.66411,10.739,11.6051,4.06241,7.95407,8.33683,8.43656,9.62748,3.99604,6.3627,2.24822,9.14319,9.81421,9.10106,10.0286,8.6881,8.16963,6.52355,9.7684,6.40163,1.63819,2.4253,3.62631,8.29223,1.75892,2.14085,2.91625,2.53722,Basal
7.73258,6.15266,5.77515,1.71306,6.44337,6.53051,2.46613,2.57811,11.0818,3.36233,5.44819,9.00358,9.11173,7.08889,9.80809,7.19752,9.02245,9.73056,5.56334,8.07852,6.53297,7.31587,9.05247,4.85479,9.52713,7.91699,4.02502,1.60226,2.22924,8.73036,6.18078,5.69618,8.14101,3.63705,2.056,9.62623,6.49533,4.53825,9.50511,15.125,2.93998,8.13376,9.47972,10.2088,6.83936,6.73013,7.34694,8.77313,3.99,7.02036,2.25855,8.02802,9.22706,8.3004,2.58986,14.483,6.42753,9.16375,7.60881,8.0325,4.16507,2.40416,10.5496,9.31214,10.3851,2.24627,4.32169,2.61929,Her2
8.49295,7.69614,7.51687,1.70004,3.58081,3.96934,2.45024,2.56429,11.0713,6.50836,7.39429,10.2248,10.9746,9.66519,10.2419,9.91002,9.86346,11.0863,8.66243,8.688,7.60622,8.85498,5.5043,9.17239,10.455,9.26913,1.9779,3.00786,2.21728,9.76541,8.08027,7.12559,10.0543,5.834,2.03516,10.9689,4.45705,3.28807,8.0099,8.54648,4.37324,10.8733,11.2677,8.61569,7.88493,8.00403,9.65471,9.15796,3.9229,6.21459,2.2471,9.54447,9.69796,9.36049,2.55062,9.58249,8.19145,6.99081,9.84886,7.9372,1.67929,2.17211,7.70378,8.35769,6.04353,2.21999,2.69839,2.54065,Basal
8.04391,9.02192,8.74814,1.71407,1.91925,3.32656,2.43652,2.56294,9.28526,5.60769,8.67965,10.0855,10.4256,10.5821,9.29604,9.41145,9.24809,11.2657,7.94562,8.35992,8.08698,10.4693,1.92057,7.33587,10.394,8.77342,2.81981,2.08474,2.19711,10.1394,8.38535,6.90502,10.8931,6.79194,2.04975,10.4619,3.42135,3.66029,5.92274,9.60052,2.83839,10.5826,10.1603,5.32832,7.84085,8.34313,8.75625,10.3741,3.93696,6.77788,2.25958,8.45564,8.88955,9.16058,9.69162,8.59631,7.51686,6.87175,8.38087,8.03796,1.64415,4.24494,5.45825,7.73421,1.46804,2.24002,4.8635,2.53125,Basal
9.21119,8.58413,9.78157,1.70898,3.30088,4.16126,2.46032,2.5719,10.0588,5.86932,8.62251,10.1043,9.90119,10.7994,10.406,9.46414,9.04926,10.9612,7.28332,9.17432,8.78694,10.6605,6.47928,7.46548,10.1454,9.85636,6.83549,3.71102,2.21492,10.6912,8.92729,7.6222,9.73939,7.76249,2.04656,9.44544,3.45558,3.38379,5.12061,9.6492,2.39411,11.1588,9.88038,5.19755,7.27133,8.6433,9.3373,10.5785,3.95107,6.77559,2.25439,9.65111,9.92575,8.23519,10.478,8.71858,7.62682,6.72977,10.5998,6.20238,1.8626,2.17329,4.90888,7.67061,1.45012,2.23558,2.71772,2.56451,Basal
7.94075,9.48898,8.22117,1.71313,1.40693,2.64333,2.47007,2.59235,9.34279,6.43678,9.08893,10.1839,9.83921,11.4085,12.1815,8.37408,9.16826,10.211,7.02415,8.12488,9.21498,10.101,1.90796,6.00315,11.9533,10.2551,6.40273,2.4721,2.23257,11.009,9.81285,8.79402,11.0019,8.63474,2.06331,10.5291,2.83429,3.5087,6.38054,9.46155,2.39723,10.1225,10.8143,1.85045,8.53471,9.08515,9.7176,10.3783,3.94394,6.83084,2.2661,9.12826,10.1639,8.449,11.0062,8.79544,8.86782,6.65351,10.1939,6.49698,1.67541,3.6197,3.21073,8.16691,1.48984,2.24746,2.72773,2.64781,Basal
8.60913,8.07479,9.82161,1.70742,2.73987,4.1654,2.49309,2.57409,10.195,6.55021,9.39977,11.1919,11.1171,11.4512,10.9315,8.26071,9.94556,10.3469,6.6357,8.85571,7.76694,11.1733,2.38593,7.84203,9.91608,9.11587,1.85547,2.38888,2.22566,11.1118,9.89778,7.74976,10.0579,8.43381,2.05591,10.2281,2.98504,3.50351,6.0942,8.65565,2.67011,11.0817,11.014,6.79732,9.22349,8.36715,9.75329,9.65413,5.16299,7.24241,2.25377,9.73689,9.68114,8.38968,10.458,9.20794,9.23817,6.51253,9.39378,7.07491,1.71824,2.44418,6.02721,7.84772,1.82864,2.22419,2.91042,3.06763,Basal
9.05156,10.0741,8.38923,1.71487,2.29155,4.30637,2.51605,2.58419,9.44186,3.11193,8.56886,9.78179,10.2531,11.4833,11.1795,10.3686,10.5347,10.3871,7.41448,9.13084,9.24677,9.88244,2.3379,8.0769,10.0825,9.77442,1.88241,1.88437,2.2481,10.7094,9.60976,7.40336,9.81067,8.79452,2.07259,10.8989,5.16709,3.70581,5.348,9.25601,2.49395,10.5781,10.1719,2.2495,8.19216,8.57769,10.2812,10.3158,3.18851,6.77981,2.28038,8.82289,10.7256,9.86371,10.2665,9.18008,9.02657,7.52699,10.2945,6.42476,2.77187,2.52014,3.27706,7.16491,2.60826,2.25655,4.08345,2.64696,Basal
7.59912,8.11649,6.43071,1.71661,2.46954,4.11597,2.51873,2.56679,11.601,5.42062,6.67905,9.67877,10.4663,9.08576,9.89404,8.06454,7.31106,10.5803,6.56408,8.05638,6.31193,9.12191,3.97599,6.33483,9.59834,8.63793,1.87079,2.14865,2.24978,10.0912,7.27269,6.97091,9.5661,5.84599,2.06871,9.88565,2.79687,3.64347,6.29059,10.3138,2.2724,8.70458,9.18952,7.86492,5.67627,7.86371,8.88556,9.98814,6.32683,6.83439,2.27556,8.23904,8.93473,7.81162,8.12471,9.17769,7.15927,5.31646,9.14044,6.4592,2.69655,2.52017,7.16373,7.95099,3.31381,2.26273,2.62641,2.60628,Basal
8.06179,7.29705,8.98978,1.6984,4.15791,3.71887,2.5114,2.53,10.537,5.03578,8.5981,9.45766,9.41016,9.40684,10.0713,9.19366,9.81668,10.1189,5.22737,8.33445,6.25929,9.24072,2.50457,8.27169,9.71066,8.84394,7.42843,1.86655,2.21124,10.2861,8.76964,6.85908,9.44963,7.61758,2.06413,9.3425,3.22705,3.77259,6.4198,7.49867,2.29465,9.87813,9.81046,2.26684,7.36525,8.8725,7.79352,9.48851,8.80115,7.60203,2.25147,7.95921,7.89535,9.27338,7.08816,8.14467,8.5711,7.27912,7.34775,7.86603,2.65969,4.0401,3.21796,8.06503,5.57325,2.22918,4.00869,2.63959,Basal
7.61327,8.8313,9.10667,1.72646,4.83308,5.21456,2.49671,2.60829,9.11121,3.65489,8.15685,8.00234,9.13561,9.69856,10.275,7.32761,11.0798,10.7327,6.53437,8.13495,8.27334,9.79276,6.4884,6.4448,9.60356,8.30358,8.01994,1.54278,2.25072,8.88321,7.9742,7.4461,9.24607,5.99015,2.07671,9.9187,5.63985,4.30365,8.4107,14.2331,4.898,10.5357,10.5094,10.2609,6.50235,6.2377,7.27245,9.26149,3.9658,6.892,2.28262,8.546,9.83616,9.42923,2.62261,11.8316,7.51137,6.67526,9.06292,4.18837,4.03332,2.20273,10.3975,9.29423,10.9234,2.26956,2.86995,2.61791,Her2
7.79566,8.59514,8.94622,1.70816,1.80141,3.787,2.45385,2.56825,10.8835,3.4173,6.89186,10.5312,8.43687,9.35387,10.0017,7.56211,8.13727,9.37437,4.9314,7.96624,8.94178,10.039,4.6516,7.23988,9.99512,9.30882,2.28621,3.77411,2.23173,9.53304,7.37223,6.58612,8.56079,5.48501,2.04558,7.93792,4.49306,3.61392,7.66983,14.6551,3.06045,11.0268,8.94187,8.59441,6.6642,7.67552,6.63637,9.08164,3.98922,7.43347,2.25316,8.3503,9.74159,8.5778,2.55634,13.8246,6.97259,6.39517,9.02277,6.39605,1.79759,2.3795,8.65166,8.41912,9.20026,2.19508,3.36919,2.64572,Her2
8.78981,9.64774,10.5207,1.70487,3.64202,3.62896,2.44523,2.56166,9.35362,6.70064,8.01026,9.50925,10.051,10.5025,11.3714,9.29306,8.59708,11.439,7.67413,9.09472,7.39548,10.3274,1.97761,7.71947,10.6096,9.62033,1.43266,1.7425,2.2213,9.57828,8.73964,9.03816,9.23653,7.96956,2.04621,10.3745,2.72373,3.34112,5.45913,8.88698,2.84617,10.3554,10.3749,5.0265,7.27377,7.87617,8.2118,10.1512,4.00534,6.52731,2.2529,9.28078,8.92912,10.2147,11.0491,9.49492,8.39145,2.9768,9.87236,5.70465,1.71249,2.4087,4.33564,6.54249,4.24716,2.18413,2.9254,2.64376,Basal
7.23565,7.24347,9.56733,1.68986,3.81506,4.27371,2.4286,2.48301,12.6155,2.68063,6.62039,8.15353,8.78401,9.08884,8.9517,7.33327,8.65156,9.75092,6.63715,7.35452,6.60133,9.30024,3.56227,6.71455,8.78999,7.76865,3.16135,3.35828,2.17609,8.5291,6.93189,6.10092,8.43583,4.74885,2.0144,9.14043,2.91298,3.42263,6.83218,8.98378,2.6706,9.67103,9.20144,5.3006,6.71142,6.42637,7.22612,8.563,3.94605,7.04364,2.22075,8.44348,8.53638,6.97082,5.66441,7.96537,5.69265,7.04957,7.84035,7.12653,2.89923,2.34771,4.77504,8.60922,1.83426,2.20703,4.49153,2.50435,Basal
9.35174,10.193,10.5302,1.70191,3.33067,3.48036,2.427,2.53924,11.4067,6.23201,7.9785,10.6202,10.8849,10.2215,11.0818,9.99807,9.62838,11.8564,9.98213,9.47186,8.28376,10.1505,2.84053,8.05623,10.0314,10.3445,6.27152,5.60153,2.19683,11.8231,8.65226,7.88971,9.81369,7.87884,2.03388,10.4125,2.75909,3.05254,4.91609,8.95325,3.41489,10.4361,9.985,1.51919,7.81347,9.79737,8.58514,11.2586,4.05279,6.30629,2.2499,9.21597,9.1116,11.3074,11.2612,9.76938,7.67865,5.41928,10.2374,6.51313,1.63872,2.92194,2.26413,7.58017,1.66833,2.22362,3.23186,2.53845,Basal
7.78091,7.03436,6.58068,1.70797,2.82357,3.69996,2.44609,2.53922,10.5837,2.57138,7.67831,9.02198,8.23488,8.71507,9.34535,8.8659,8.4096,9.16386,3.95643,8.03916,6.42489,7.71323,3.94936,6.27613,8.77723,7.5448,6.05943,1.51979,2.22607,8.0622,6.83513,5.78914,7.09304,4.9327,2.04113,8.83851,3.58109,3.43244,7.27931,14.2794,3.3112,9.09504,9.78821,10.3114,6.24269,7.20774,7.47437,8.47378,3.93101,6.81905,2.25604,8.88745,9.06353,7.48705,2.5721,13.6999,6.86783,7.01145,8.0465,6.45312,9.91752,2.16543,10.4472,8.39455,10.5319,2.23363,2.70851,2.50606,Her2
7.88528,7.3616,5.64068,1.70724,3.28066,3.67219,2.46051,2.53163,11.9824,2.10261,6.54587,8.17436,8.27227,7.12604,8.80531,7.16907,9.05993,7.8099,2.78005,8.11243,6.14442,7.48854,1.60152,6.84549,7.93069,6.75375,1.58214,1.68148,2.20648,9.26278,5.95961,4.8644,7.66986,3.561,2.04348,9.16931,6.85303,4.4717,7.32966,14.8126,2.66765,8.09396,9.15608,10.3058,6.3868,6.60421,6.94022,8.70906,3.97211,7.302,2.24399,8.438,8.55596,8.15882,2.64737,13.9596,6.51207,8.25794,7.57183,5.30517,1.71565,2.37133,10.3456,8.99632,10.4512,2.28243,3.05722,2.48818,Her2
7.39454,7.12463,5.58185,1.70197,4.93078,5.25746,2.46079,2.56534,12.0192,2.96904,7.00716,8.84627,8.70864,8.12881,9.44395,7.27267,8.24852,10.0244,7.42252,7.46818,6.84991,6.56665,2.02722,6.64577,10.044,7.95288,3.36655,6.06918,2.19702,9.49408,7.07628,6.28028,8.64924,4.63715,2.05588,8.35967,5.70356,3.62746,7.66843,15.1567,3.66629,9.21486,9.55647,8.99427,6.09393,5.69782,5.74445,9.22274,3.91131,6.81162,2.24528,7.33488,8.58587,8.00123,2.55459,13.9243,7.03042,7.31827,8.5174,6.86341,2.3492,2.11093,8.22582,9.38986,8.896,2.22139,4.24123,2.564,Her2
8.37482,7.88847,8.5229,1.70387,3.14933,3.46146,2.3996,2.52609,10.7985,5.9672,8.60776,9.25413,9.43501,10.8176,10.1196,8.23478,8.69241,9.92533,6.9408,8.67293,7.5223,9.50217,5.79893,7.98109,9.93829,7.58255,7.39411,4.78505,2.21306,9.92913,8.86833,6.69105,9.63557,7.71049,2.03504,10.1224,3.02675,3.25859,7.03087,9.62836,4.04381,9.10258,10.1342,3.96097,7.26789,7.51509,9.40444,10.0141,3.92721,6.57574,2.24565,8.99405,9.88694,9.21527,8.40354,8.8701,7.87804,5.6288,8.21533,6.55251,2.91378,5.77822,3.46561,7.89218,1.41624,2.22268,2.69713,2.49248,Basal
9.00709,7.58887,9.10166,1.70206,2.96311,3.03489,2.50374,2.56042,10.0056,5.50198,8.32018,10.7446,10.3294,8.90511,10.9897,9.90616,9.43127,9.85168,6.76125,9.18347,8.5815,9.02122,2.31343,7.391,10.7909,9.43813,1.85765,1.88789,2.18892,9.77819,8.5739,6.71482,9.55675,7.24042,2.0493,10.2595,2.831,3.63313,8.22869,9.68471,3.41612,10.6788,11.4724,5.14952,7.90263,8.05738,7.91514,10.3653,3.14046,7.08693,2.24949,10.3902,10.3148,9.55992,7.41839,9.03801,6.91946,7.00289,9.79599,6.8309,2.65429,2.50656,4.20261,8.08971,2.54479,2.23052,4.29459,2.63545,Basal
7.68875,7.9839,6.60016,1.70732,3.16519,3.51507,2.44641,2.58,9.37998,4.27119,6.91025,9.51266,9.6034,9.68211,11.3226,9.72906,7.33568,11.1033,6.71222,7.9578,8.77474,8.31353,6.76056,7.40394,9.44588,9.56731,1.84196,2.02654,2.21788,9.30025,8.14829,6.80427,9.41623,6.95819,2.04854,10.3382,3.6536,3.49501,9.86622,14.0234,2.68384,9.40048,10.6488,8.91476,6.23001,7.64388,7.75306,9.27635,3.99503,6.52436,2.25917,8.76494,11.0651,9.54961,2.72834,13.2495,7.84198,6.03138,10.7077,8.50841,5.99755,2.42257,8.72652,8.83115,10.707,2.24246,2.92198,2.54705,Her2
7.48572,7.0515,8.07759,1.70801,4.2482,4.74376,4.04406,2.58707,11.4689,2.58713,6.78316,8.38839,7.97621,8.21258,9.4147,6.30408,7.6262,8.36781,3.37517,7.76684,6.70203,8.42904,2.06109,6.61837,9.93549,7.32797,3.34248,3.71299,2.22828,9.05469,6.79558,5.33516,7.72621,3.812,2.05979,9.29432,5.52125,3.5086,8.23963,15.0479,2.41622,7.55656,8.64861,9.44855,6.3748,6.38338,7.27818,7.77528,3.9389,7.29968,2.25961,8.15412,9.42377,7.73685,2.58845,13.5889,7.11187,8.23052,7.55486,7.21338,1.66284,2.17852,9.22695,8.34698,8.31763,2.2354,3.68518,3.91104,Her2
8.39529,8.37399,9.21228,1.71247,2.28306,2.97367,2.51716,2.58652,11.4229,3.48939,7.3005,9.03795,10.1144,8.78751,9.88509,7.82793,9.0994,10.029,7.22713,8.78167,7.36961,8.73773,2.33175,6.56687,9.24204,7.52717,2.03886,5.01553,2.24728,9.70221,6.92684,6.76676,8.78705,4.74678,2.06893,8.93266,3.13287,3.71914,5.98394,12.9914,2.20066,8.54377,9.4731,2.24801,7.29172,7.36452,7.90535,8.67422,3.1825,6.72273,2.27791,8.70106,9.53592,9.29954,10.2041,12.9405,6.68288,4.62948,8.1762,4.69835,2.76574,2.52789,4.80521,8.14481,2.60473,2.25532,2.67601,2.66633,Basal
7.56226,7.9087,7.99238,1.7097,4.35388,5.6414,2.50658,2.5763,11.0511,2.83036,6.16192,8.85055,8.57405,8.45845,9.70759,9.19642,8.9267,9.88525,5.52471,7.79678,6.70943,8.57769,6.03398,8.04187,8.46937,7.48377,7.20591,1.87769,2.23056,8.839,5.9813,6.2021,8.44981,3.65126,2.05805,10.2958,7.04279,4.27273,9.06291,13.8762,2.19166,8.9645,10.0311,10.8694,4.73916,7.69253,8.5537,8.98967,3.179,6.71677,2.26507,7.83073,9.7202,9.13076,2.44508,12.1758,7.84292,7.6542,8.87413,7.44054,4.03878,2.52093,10.4954,9.14801,10.8475,2.24087,2.48433,2.60663,Her2
8.89892,8.94974,8.55189,1.72179,1.59233,2.40802,2.48419,2.60223,10.4613,5.16688,8.21224,9.73249,10.2098,10.5457,10.9033,10.3275,10.2513,11.569,8.16472,9.22061,8.55743,10.2201,4.73707,7.59607,11.4789,9.05853,1.55518,1.91183,2.24394,10.3907,8.29433,7.07552,9.29243,6.93582,2.06573,10.9947,5.46195,3.51688,8.21449,10.8338,5.04024,9.46791,10.685,8.6605,8.624,7.93691,9.25826,10.1083,3.88345,6.8366,2.27299,9.73769,10.0616,9.89158,2.61178,9.29893,8.04869,6.21081,9.22818,6.05036,3.63022,4.10507,9.12118,7.73002,9.37967,2.25984,2.94159,2.59956,Basal
9.25822,8.32043,10.3984,1.70599,1.57729,2.99117,2.45971,2.58047,9.64394,5.37643,8.50936,10.7744,11.135,10.4958,11.412,9.09147,9.60737,11.4587,8.42103,9.59493,9.26266,10.0545,1.90138,7.91397,11.5292,9.72381,4.66785,3.14577,2.22316,10.8743,8.88474,8.07545,9.79658,7.70324,2.05635,11.2996,2.67521,3.52513,5.81303,9.45911,2.39135,10.3822,11.2054,2.38035,8.87333,9.37953,8.92097,11.1514,7.2027,7.27263,2.25603,9.66766,9.23186,9.99013,8.25573,8.0821,8.40808,5.78715,9.46305,6.22581,1.64539,4.24152,3.03618,7.45196,1.60699,2.23261,2.72041,2.57746,Basal
8.14164,7.00629,9.73021,1.71252,3.55892,3.81054,2.52032,2.58752,10.3424,5.1284,6.65865,9.10888,9.13275,9.62962,10.5818,9.90873,8.56467,9.72612,7.3745,8.52604,8.28345,9.85981,8.48253,7.51606,10.0485,8.56585,2.56298,5.00625,2.24739,10.5087,7.77153,7.83499,9.12256,5.89875,2.07081,10.7711,6.19475,3.82149,9.44092,13.4265,4.86977,10.3887,10.9388,12.3824,8.46269,6.96584,9.05253,10.0938,3.16335,7.25988,2.2743,10.1078,9.48693,10.0518,2.46883,12.2526,6.90169,7.92115,8.89302,6.19442,6.70654,2.5269,12.1871,10.1271,10.4737,2.2456,2.52666,2.65209,Her2
8.61716,9.07157,9.42957,1.70206,5.21179,4.76946,2.45523,2.574,10.6452,4.27757,6.8299,9.88037,9.26324,10.3915,10.9435,10.0029,9.73704,10.552,6.37862,8.76882,8.05598,9.90092,3.46229,5.33596,9.4864,7.75462,2.80842,1.52516,2.21655,10.3817,7.97315,5.49147,10.3053,6.49426,2.03977,10.881,6.20201,4.25851,6.08473,14.9323,3.27879,10.235,10.6906,10.0569,8.1059,8.3273,8.84268,10.0451,3.92238,6.81435,2.24809,10.7602,9.72961,9.28445,2.56599,12.8276,7.34594,7.99361,9.42594,6.44246,1.69619,2.16847,10.1641,8.75078,9.36841,2.17403,2.69204,2.54493,Her2
8.19241,7.17406,7.946,1.70554,3.13569,3.84027,2.44748,2.5612,13.2281,4.33524,6.93247,8.71944,8.55047,8.61401,10.3924,8.60127,7.65996,9.14481,5.04724,8.45767,7.73387,9.85632,4.53242,6.552,10.0141,8.11361,6.82334,1.67517,2.2033,9.57537,7.3867,6.12719,8.82745,5.75839,2.03826,10.1098,5.02022,3.51787,7.98832,14.6602,2.65827,8.30863,9.0533,8.29422,6.3058,6.95911,7.99819,9.37636,3.99106,6.90923,2.243,8.81197,9.50204,9.06245,2.80015,13.6968,6.62379,7.39156,8.38427,7.34722,5.21135,2.3677,8.43413,8.29349,6.93064,2.50271,2.91232,2.54902,Her2
9.1692,7.1197,7.88759,1.71405,3.47209,3.88199,2.46809,2.59021,10.583,4.38695,8.09783,9.6951,9.15758,9.95451,9.69888,8.63398,8.84842,10.0255,6.8017,9.1276,7.12917,9.34792,2.30316,6.18839,10.6518,8.77112,2.35973,1.53621,2.23388,10.1166,7.81757,7.26511,9.51324,6.3368,2.05655,10.5276,2.69966,3.51194,7.10483,9.69406,3.44331,9.27977,10.8524,2.45366,7.85583,7.91701,8.89695,9.86045,3.94631,6.82446,2.27299,8.26524,10.3585,8.65509,6.71726,8.53338,6.82832,6.63063,8.80258,6.96454,1.72926,3.67044,3.34286,8.00393,2.47445,2.24152,4.11841,2.57876,Basal
7.79396,8.66243,8.63623,1.70968,1.61544,2.57767,2.46194,2.57727,11.4765,3.95465,8.05568,9.45106,10.3438,9.82322,11.4992,8.14572,8.83258,10.7489,7.13712,8.1151,6.76569,9.58111,1.91126,7.89812,9.91677,9.95549,7.09478,1.53513,2.22754,10.0124,7.70599,7.48321,9.81837,6.33336,2.04617,10.3524,2.80955,3.51095,6.41592,8.17337,2.39759,10.2346,9.97709,2.37875,7.41246,8.51163,8.21299,10.2339,6.5629,7.36716,2.25416,7.4263,7.99469,9.18123,10.041,8.66861,8.40808,6.70391,10.073,7.63248,1.63161,4.43046,2.34015,7.96903,1.44176,2.23722,2.71251,2.57213,Basal
7.37765,7.08524,6.02156,1.71834,5.73576,5.97689,2.47635,2.6022,11.6277,1.93349,6.38518,7.74576,7.76911,7.37848,8.92804,6.65856,8.62336,7.97101,2.51823,7.63971,6.05268,6.38455,1.9128,4.46091,7.11127,6.18351,2.01121,1.53728,2.2407,7.07285,5.53385,4.1023,7.60431,3.42867,2.0631,8.86657,6.19048,4.00907,9.03576,15.3054,2.39925,8.07016,9.1151,10.4213,4.23564,6.31456,6.94741,8.00484,3.9533,6.83936,2.2732,8.47631,8.27124,8.19413,2.60596,13.6005,5.74169,8.23856,6.05873,5.90059,1.82758,2.19111,10.6756,7.84955,9.26903,2.25733,4.4835,2.60229,Her2
9.03221,7.69153,8.07088,1.71318,1.98732,3.16877,2.50951,2.60979,9.93918,5.51927,8.29655,9.56961,10.0373,9.84672,11.04,8.54586,9.43698,9.38596,6.3732,9.04398,8.29244,8.66811,1.76376,7.01613,11.649,8.41705,6.79281,6.91571,2.23136,10.4915,7.55517,8.14211,9.36908,5.74408,2.05997,9.35814,2.93061,3.54879,5.80583,9.78207,2.82587,9.32903,10.4363,4.09266,8.25977,8.4224,8.96292,9.74065,3.99778,7.35221,2.2574,9.54004,10.7555,9.15554,11.2728,9.97274,7.21285,5.62764,9.07925,4.81596,1.85322,2.46967,2.87284,8.29955,1.73359,2.20911,2.94895,2.73117,Basal
8.50789,8.59452,8.73106,1.70706,3.24271,3.81783,2.47216,2.58293,8.86514,6.88877,8.90175,9.87228,10.1558,10.5695,11.6026,9.40996,9.50643,10.7097,7.79761,8.84585,8.61374,9.13178,1.9626,8.04239,11.2812,9.05125,2.15724,2.48089,2.22619,12.2088,8.3335,7.71665,10.3465,7.31415,2.04294,10.6804,3.59633,3.63687,6.73282,9.6758,2.39024,10.0331,10.645,0.443075,8.52976,8.88845,9.02826,11.0231,4.85635,6.79788,2.25017,9.28597,9.47067,11.0584,10.5388,9.46707,8.50106,5.71063,9.50107,6.03115,1.90058,2.28961,2.14559,7.53624,1.47698,2.23785,2.73099,2.58444,Basal
8.29344,7.01997,8.41142,1.6988,3.62076,4.5545,2.43045,2.55976,13.0314,5.18537,7.14286,8.64108,8.26775,9.41412,9.80716,7.62446,8.1841,9.11544,5.07195,8.63532,6.71459,10.4525,3.31778,6.68328,10.5694,7.97235,3.33521,1.50063,2.20567,10.1419,7.60483,6.38502,8.64239,5.0382,2.02993,10.1631,2.79176,3.56087,8.50761,15.3974,2.37882,8.26444,9.30306,5.13851,7.31523,7.17763,8.38333,9.5541,3.88739,6.8067,2.2404,9.46359,9.35003,8.9544,2.54687,14.1012,6.8731,7.32412,8.08966,7.48251,1.67013,2.1503,4.51929,8.35115,1.4257,2.21558,2.69483,2.54222,Her2
8.46184,9.85839,8.24857,1.71043,2.3573,3.06427,2.5186,2.57285,10.2893,7.01327,9.23751,10.2842,9.49585,10.3833,11.3466,8.76091,8.99362,10.8019,7.12892,8.69101,8.74346,9.95474,2.54076,6.13282,11.6036,9.60896,1.8757,2.07698,2.24305,10.6082,8.81612,8.26369,10.3352,7.56378,2.06573,10.6041,2.79017,3.64093,5.86771,13.7896,3.0491,10.539,10.19,5.09984,8.31023,8.38964,9.04699,10.0765,3.18312,6.74298,2.2691,8.84689,10.9338,9.9801,2.59039,13.4511,7.33337,5.55225,10.0976,6.29391,2.76422,2.51777,3.37073,7.83362,2.6103,2.24774,2.52574,2.63598,Her2
8.13731,9.84032,8.15854,1.70128,3.87704,4.38496,2.42288,2.54912,9.99025,4.28534,8.37569,8.74804,9.32483,9.9852,9.76428,6.54467,9.86389,10.2052,6.73774,8.47986,6.78464,9.08625,1.89581,7.46938,9.96501,8.10214,1.98317,2.59086,2.20389,9.93477,7.98571,7.44868,8.98123,6.10721,2.03842,8.87655,2.34469,3.50153,5.1178,9.94968,2.38892,9.0776,9.30812,4.67249,7.46165,7.12696,6.8343,10.3819,3.92449,6.51543,2.24719,8.1371,8.70253,9.37815,9.86159,9.99649,7.89304,7.31237,9.14409,7.111,1.63006,2.12729,4.48464,8.80218,6.18377,2.23047,2.7269,2.55516,Basal
7.92881,9.09546,8.75838,1.71236,3.67086,3.81182,2.46431,2.60157,9.31707,5.47001,8.14953,10.5613,9.46021,10.2718,9.98633,8.48565,8.40832,10.5685,6.42383,8.01756,7.86228,9.87195,3.71194,8.01918,10.9044,8.53402,2.84582,8.52419,2.23658,9.9298,9.07541,7.93442,9.42575,8.04082,2.05507,10.2193,3.65192,3.58567,5.40861,8.81078,2.77416,9.14979,9.75409,4.39857,7.73184,8.10311,7.95505,9.39785,4.24312,7.09932,2.27198,9.24016,10.5639,8.74653,2.59967,8.56247,8.14095,5.32165,8.79794,6.44079,1.75238,2.44681,3.07126,8.7257,1.76045,2.20595,2.98527,2.67594,Basal
7.88506,8.64433,8.94775,1.72306,1.862,3.68646,2.48436,2.60303,11.5497,4.26635,8.19417,9.08018,9.88137,10.3744,9.74345,8.92363,9.44138,9.66201,4.43381,8.13119,7.87386,9.27477,2.21133,7.01133,10.5781,7.31751,3.03031,2.73472,2.24457,10.2063,8.21025,7.49217,7.73743,5.59443,2.06561,8.77588,5.18193,3.5736,6.83912,11.8209,2.38759,8.64313,9.23981,5.31344,6.19133,7.11412,8.57911,10.0621,3.94891,6.83774,2.28893,8.16059,9.57983,8.80438,7.8908,10.332,7.59326,7.0171,7.34669,7.49175,1.68962,2.19461,5.86498,8.4532,3.8523,2.26414,2.92724,2.6127,Basal
7.60771,8.54988,9.05402,1.70845,3.18359,3.82045,2.46042,2.56259,9.59163,5.02448,7.68719,9.50067,9.54779,10.8104,10.0822,8.11916,9.03149,10.6534,7.52872,7.84534,7.74485,9.18282,5.50825,7.63082,10.7387,8.1976,1.30657,5.8815,2.22421,10.8025,8.43331,7.47618,9.66559,7.51315,2.04567,9.20407,2.74723,3.5073,5.99122,9.26173,3.23666,10.065,10.1968,3.13447,7.12145,8.0012,8.82633,10.1444,4.00552,7.03581,2.2581,8.91219,11.7658,9.64318,10.8036,8.90832,7.72621,6.76081,7.96479,4.17848,1.64317,2.18662,3.49292,7.74769,1.45467,2.23621,2.73475,2.536,Basal
8.44041,7.77235,9.41041,1.7129,3.26996,3.00449,2.46694,2.59045,10.4757,5.30246,7.42606,10.614,9.98462,10.2758,10.8518,9.88485,8.43574,10.3672,7.03701,8.93975,7.26931,9.75389,3.7129,7.93345,10.1659,8.79612,1.30845,1.53623,2.22966,9.80782,8.64263,6.53215,9.25098,8.03462,2.05812,9.69101,3.86954,3.52803,8.40792,7.96088,2.3964,9.82865,11.0063,8.75228,7.58737,6.88524,9.3221,9.47969,3.94172,8.00227,2.26476,10.0751,9.30003,8.99604,2.58262,8.92448,7.58306,6.71745,10.1729,5.05779,11.3822,2.17992,8.38178,7.54215,9.95075,2.24229,2.71515,2.58823,Basal
8.15492,8.29392,8.95543,1.71599,1.58634,3.83273,2.46847,2.59491,11.1228,4.77716,6.74303,9.43528,10.2909,9.47343,9.54512,9.15835,8.68469,9.30104,6.64665,8.5166,6.46158,9.52882,2.0657,8.55514,11.2777,8.69722,7.35505,1.52522,2.2358,10.6983,7.98253,6.50317,9.13825,6.77964,2.05722,9.59509,2.99156,3.60972,7.94361,9.88217,2.58221,10.1604,9.81699,5.63409,7.42408,8.78118,7.78362,9.90037,3.94658,6.78381,2.26882,8.48581,8.64789,9.56171,2.62253,9.66195,8.16519,6.64091,6.89683,7.09271,1.86544,4.77134,4.83056,8.14315,1.50349,2.25276,2.7263,2.5972,Basal
7.85672,8.45536,8.20755,1.70638,2.00201,3.49673,3.92783,2.58942,8.42005,5.88855,8.01936,10.8637,9.98306,10.5726,10.7216,7.60531,8.68344,11.062,7.19745,8.2212,8.67798,9.21081,2.05127,7.40507,10.648,9.47437,6.53722,1.64314,2.22196,10.9873,8.36708,8.17598,9.55381,7.12761,2.97783,10.4278,3.73272,3.67067,6.96534,9.56463,2.38929,10.2654,9.62917,2.79076,7.83787,8.39613,8.01879,9.54422,5.70648,8.0636,2.25869,7.91552,10.3112,9.33968,8.01294,10.3149,8.51151,6.89325,9.20488,7.14532,1.65541,3.77739,3.20068,7.28787,1.46977,2.23575,2.71245,3.41675,Basal
8.63647,8.2613,7.57864,1.69769,3.30869,4.17079,2.44406,2.54611,9.79017,4.18366,6.84275,8.94635,9.67836,8.70717,10.74,9.00374,9.05273,9.74014,5.8954,9.0435,7.80916,9.1731,1.89216,6.64553,9.50261,7.95113,1.68659,4.72684,2.21507,11.0329,7.00093,7.06327,9.26314,4.05516,2.03021,9.95761,3.63711,3.64227,4.80933,9.4845,4.4522,8.8894,9.85045,5.36905,7.28558,7.90568,8.15993,10.4675,3.91322,6.80803,2.24177,8.0721,10.0352,10.3322,9.65485,9.08096,6.91045,7.17657,9.55908,7.36381,1.62652,2.12579,5.17422,8.98502,1.4381,2.22064,4.80852,2.55121,Basal
8.47677,8.97162,9.94455,1.7131,3.00069,4.05997,2.46593,2.57562,8.83407,6.47425,8.49045,10.3338,9.39351,11.6159,11.1239,8.16575,10.1527,10.2505,6.96048,8.88154,8.59603,11.965,2.39999,6.20655,11.2502,9.01725,2.60469,4.90619,2.22962,10.4694,9.39646,7.80539,9.6345,8.06664,2.05564,10.9172,4.98406,3.72531,7.4501,9.53896,2.72647,10.4742,10.7027,4.71941,7.69267,9.17236,9.61853,10.1545,3.98773,6.94895,2.27458,9.02741,9.64678,8.96607,8.51867,9.05595,8.61687,6.37942,9.27656,6.87241,1.79963,3.7215,3.44813,7.94937,1.78141,2.24978,2.94782,2.60044,Basal
7.14085,7.29173,5.92696,1.70815,4.19574,4.8146,2.51418,2.56139,10.5681,2.82849,7.08461,8.03516,7.61197,9.36093,8.79142,4.7165,7.43091,8.70441,4.5919,7.39626,6.47007,7.76151,4.17268,5.99125,9.23706,6.69173,3.90181,4.4003,2.23944,8.44106,6.44384,4.24024,7.22708,3.84319,2.06106,8.21213,6.33234,3.87174,6.05161,13.5555,4.17118,7.60703,8.77863,9.92301,4.91141,5.9698,5.36446,7.82755,3.174,6.97431,2.26527,7.48019,8.0803,6.68649,2.45092,12.5021,6.0856,7.46285,7.04616,7.50547,2.75719,2.52513,9.56954,8.14142,8.04613,2.24056,3.47275,2.657,Her2
7.82552,7.38345,6.70603,1.69817,5.27647,4.31144,2.77086,2.56948,10.2498,4.4059,8.34393,8.97416,8.35116,9.76761,9.52982,7.99456,8.03646,8.32167,4.11523,8.37593,6.81509,8.29938,7.50659,5.80484,8.1554,6.32421,1.30101,1.50961,2.21556,9.33546,7.96835,6.73259,7.88659,6.33873,2.03468,9.07801,7.62087,4.57694,8.83288,15.2034,2.3865,9.28691,9.1508,9.48878,5.00671,6.83606,7.37774,8.65761,3.89866,6.99444,2.24431,7.18045,9.09424,8.5177,2.56595,12.3131,6.58342,8.36952,8.07084,6.39399,10.1486,2.15895,10.1454,8.91544,9.28035,2.2335,2.71102,2.56836,Her2
7.89417,7.89836,5.80275,1.71114,5.21424,4.82713,2.46419,2.59066,8.75865,3.58154,8.13592,9.39124,9.19499,9.61283,10.2954,8.85898,9.9622,8.73074,5.28858,8.37477,7.66541,8.55111,2.01685,6.96923,8.788,8.23315,1.31639,1.51259,2.23727,10.2201,6.90853,6.55489,9.16323,4.39243,2.05367,10.4203,2.83081,3.57964,8.50982,15.1353,2.5656,8.93095,10.6397,10.5878,7.9039,8.36211,8.7234,9.69394,3.94027,6.82364,2.26073,8.97794,8.12033,9.60264,2.59452,15.1673,7.54099,7.7478,9.34227,11.4144,12.901,2.17558,10.3804,9.30758,10.0685,2.24877,4.05205,2.59053,Her2
8.18059,6.50008,5.64122,1.70036,3.91916,3.89411,2.43991,2.54304,11.6165,1.92028,7.06998,7.86186,8.2656,7.17213,8.38938,7.35184,7.63137,8.32879,3.99204,8.36027,5.98246,6.91579,2.034,4.63437,7.64863,7.34174,3.33628,1.52297,2.21799,8.66106,5.88795,4.86458,6.79243,3.57004,2.03405,9.5017,6.83618,3.64059,6.7314,14.0818,5.11311,7.85005,9.44567,9.22064,5.03254,6.14673,7.61011,8.06744,3.91598,6.81152,2.24532,7.14888,9.44851,8.18896,2.56397,13.231,5.34799,6.40225,6.75253,6.16902,1.63246,2.17499,8.61339,8.06239,8.86264,2.22426,2.72482,2.56854,Her2
9.81229,9.38803,11.0574,1.72064,1.75351,2.62747,2.46175,2.68676,2.75036,7.66432,8.66912,11.5919,11.0738,11.0916,12.7361,11.2914,9.65413,11.8668,9.53852,9.98617,10.8833,11.4401,1.33832,9.02892,11.5466,10.466,5.32,8.52233,2.27682,10.7665,9.2408,9.89507,11.1892,9.19611,2.07782,12.1899,3.23657,3.06,4.99052,9.64054,3.01064,11.9684,12.7463,8.2533,8.58411,9.54964,9.99593,11.1354,4.3391,4.71553,2.33409,11.1681,12.2496,10.727,2.65054,9.34366,8.9037,2.2465,11.7749,0.889084,1.97531,2.85265,7.05027,6.84063,6.25891,2.20123,3.27629,2.77805,CellLine
9.5512,8.98144,8.19208,1.72976,2.05631,2.61271,2.47879,2.64317,2.79453,7.05098,9.17572,10.5667,9.73329,9.82781,10.2367,9.79521,9.68174,9.93855,7.14781,10.0252,6.62901,10.5035,3.38029,7.78891,12.2075,9.29593,2.58006,7.56644,2.27951,9.68749,8.94612,7.56087,9.64176,8.5653,2.09748,10.2573,3.47504,2.70583,4.71155,8.2863,3.05368,9.82426,10.8628,7.60115,8.227,9.24384,7.982,9.03308,4.10671,6.44679,2.30167,9.55906,11.0276,9.25008,11.2294,9.17293,7.57633,2.45245,10.5035,1.43786,2.24382,2.77982,5.58896,5.69838,6.21146,2.17965,3.2517,2.89084,CellLine
8.22498,9.17222,11.0799,1.7235,2.14707,2.94998,2.48766,2.56391,2.95525,7.51499,8.53252,11.8261,10.818,10.7664,11.1454,10.2326,8.90323,10.3482,7.44599,8.73757,9.3618,11.8799,1.1594,8.27516,11.2012,9.4536,4.69763,8.98635,2.27229,11.0823,9.12043,8.80662,12.2367,8.26623,2.07911,12.264,3.04836,3.09939,4.87788,9.12713,3.27215,11.2336,12.2627,6.29673,9.43288,9.43839,10.4384,10.7362,6.75442,6.47855,2.27276,10.3208,11.6178,10.6293,10.0491,9.61037,8.37922,4.22563,10.694,1.97379,1.882,2.82032,4.02106,6.61595,3.57595,2.35267,3.17985,2.56237,CellLine
9.75513,9.69712,9.64363,1.71213,1.47532,2.31198,2.46645,2.60092,2.75519,7.07507,9.58361,10.0009,11.2752,10.5449,10.4942,10.2804,10.7078,9.67364,6.8851,10.0729,7.48818,11.1597,1.48407,9.21088,10.6876,8.65572,2.32801,1.79809,2.24674,10.8574,9.3156,7.82711,11.0243,9.1958,2.06123,10.7946,3.23399,2.6103,3.73162,10.5384,2.99595,10.4541,10.6364,7.04991,8.48573,8.32099,9.65048,10.6014,4.27339,5.8603,2.27978,9.14861,9.32502,9.92343,2.5808,8.51395,8.21595,3.68359,9.89774,4.84133,1.75002,2.70719,5.75475,6.80983,2.12472,2.17201,3.2218,2.77789,CellLine
9.74149,9.13867,10.5466,1.72346,1.65795,2.76021,2.4805,2.59277,2.99609,8.46667,8.44065,11.81,12.6032,11.7798,12.3687,9.93583,8.90912,11.6357,9.8788,9.95265,10.7585,11.8178,1.64776,9.06758,11.531,9.97245,6.05049,8.64913,2.2666,11.2814,9.48372,8.4763,12.1225,8.91113,2.07393,11.9687,3.1989,2.95341,4.84661,8.7047,3.00582,11.3031,12.2958,5.17059,9.40293,9.74581,10.8907,11.8313,4.13139,4.66216,2.33066,10.2543,12.2601,10.6134,10.2721,9.2824,9.13637,1.42464,12.0571,0.937674,2.10998,2.86996,3.39289,5.87365,6.13007,2.29618,3.28159,2.55835,CellLine
9.0246,9.3184,11.0298,1.72344,2.55023,3.24181,2.47483,2.67856,2.7076,6.61549,9.49328,10.8701,11.0069,11.4561,11.1252,10.918,10.0596,10.648,8.32143,9.24204,8.95638,12.0272,1.94199,9.84008,12.4436,10.1141,2.2476,8.13945,2.26101,10.8116,9.96947,8.11315,10.1703,9.39854,2.07555,11.6751,3.21857,2.93388,4.95121,7.98468,3.01846,10.0947,11.2907,8.08018,9.05268,9.39824,10.9524,10.4438,4.10722,5.70231,2.27863,10.9988,11.4564,10.4502,7.29415,9.59946,8.69352,2.12023,11.0904,2.77892,1.98199,2.75274,4.48893,6.27193,6.23844,2.2772,3.25703,2.66886,CellLine
10.3762,9.78099,10.0582,1.71954,1.72413,2.50479,2.47634,2.64647,2.84452,7.6446,9.16994,11.5597,11.088,11.8858,12.62,12.0872,8.84884,12.2554,9.90473,10.4504,9.72353,10.4257,1.1779,9.59744,11.294,10.7261,1.57263,9.25019,2.24764,10.2396,10.2313,9.26591,11.7316,10.0887,2.06919,11.6205,2.86833,2.87816,5.57803,10.1641,2.99471,11.5604,11.7294,1.99301,7.74046,9.58475,10.1217,11.1089,4.10941,6.29333,2.30473,10.558,11.0659,10.2134,10.8451,9.37407,8.96518,1.81331,11.9727,1.62144,1.85564,2.70296,2.32433,6.3216,2.0896,2.07038,3.22645,2.62189,CellLine
9.07859,9.41724,10.7426,1.71678,2.16824,2.95716,2.46261,2.5811,3.04481,6.04836,8.64518,10.3669,11.3504,10.8171,11.9759,10.292,9.45751,11.4669,9.16341,9.1881,10.0136,10.9529,6.81941,9.5399,11.9276,8.61278,1.67073,10.5879,2.25643,11.013,9.29857,9.23861,10.9441,8.91226,2.06707,12.0807,3.46689,2.83697,4.8145,8.28685,3.02915,10.2898,11.0426,8.18721,8.94277,10.1301,9.55343,10.3765,4.12976,4.66854,2.31514,9.57396,12.0764,10.0848,2.9411,9.89981,8.92593,1.97079,10.0795,1.72438,1.91624,2.83459,4.86989,6.68395,2.12389,2.23731,3.17753,2.59469,CellLine
10.1255,9.23721,9.85767,1.71789,2.22937,2.73319,2.4643,2.58106,2.92307,8.1614,8.56194,11.3456,12.1249,11.1145,12.0346,11.2984,9.65955,10.4664,8.81476,10.5036,10.0474,10.0781,8.81388,9.76674,11.7721,9.12806,1.04039,8.12445,2.27111,10.6611,9.42517,9.69248,11.071,9.65198,2.07453,12.1546,2.6361,3.00531,5.21891,6.32137,3.0517,11.5926,11.9223,7.56029,8.61239,9.26253,10.1411,10.5618,4.07465,5.04373,2.26975,10.2764,11.2037,10.0424,10.6413,9.09535,8.72662,2.11697,9.76777,1.92394,2.01527,2.6812,4.52931,7.30483,2.01341,2.25945,3.20071,2.70939,CellLine
8.42672,9.18885,9.80629,1.72946,2.29327,2.86208,2.46164,2.72064,3.20885,5.72169,7.7623,10.4127,12.3677,10.4321,11.2476,8.54477,8.54763,10.0624,7.06571,8.7461,10.4846,10.3507,1.45434,7.7745,9.76981,10.1448,1.58538,10.2635,2.26226,10.3679,7.99499,7.93319,9.93214,7.2929,2.0898,11.3777,2.93015,2.87983,5.79528,8.15602,2.9998,9.3763,10.2903,6.00028,8.44568,7.8717,8.15841,9.28453,4.1313,4.84108,2.34743,8.90544,10.0183,9.28753,2.95371,10.2184,7.02969,2.28942,9.08103,2.09296,2.1065,2.75534,4.43325,6.93516,2.06573,2.18318,3.25215,2.86879,CellLine
9.04413,9.61393,8.48186,1.73193,2.48528,3.40561,2.51059,2.73124,3.05767,6.33928,9.22809,9.55208,10.5684,9.19998,11.165,10.1057,9.62341,10.6011,6.75741,9.40925,9.39561,10.8732,2.60471,9.10413,12.2274,8.74499,1.60544,10.2124,2.55827,9.37783,10.1125,8.77741,10.7697,9.91306,2.08577,12.0339,3.29227,3.10029,5.14053,6.76333,3.05084,9.63557,10.7006,7.82008,8.32059,10.5261,7.72739,9.03555,4.13961,5.89453,2.36402,9.20095,10.9429,9.13439,6.66774,9.8094,8.07434,2.25486,9.4988,2.20449,1.90208,2.98623,5.92137,6.05474,2.08795,2.41118,3.28584,2.45455,CellLine
8.5241,7.94523,9.71844,1.71911,1.634,2.67781,2.49292,2.53696,3.19752,6.3684,9.04837,9.97965,11.5072,10.5555,10.5593,8.98538,7.71622,10.5387,7.50477,8.94804,8.70409,10.557,6.38982,8.11411,10.3292,9.18391,1.66542,8.94949,2.25271,9.58317,9.01552,7.66106,11.3244,8.50893,2.06641,11.2559,2.9172,2.85283,6.61613,8.15151,3.02425,10.4351,10.5403,5.73164,7.92136,9.35666,10.3804,9.71546,4.09295,5.17758,2.30933,9.21079,12.059,8.76728,3.31186,8.86357,7.4403,2.4794,9.94003,1.66531,1.72225,2.74977,2.94615,5.55861,2.20587,2.15247,3.20297,2.42703,CellLine
10.1603,8.58123,9.69025,1.72483,1.48772,2.23558,2.49864,2.61634,2.9957,8.33257,9.2564,10.5364,11.6998,11.5913,11.3654,10.7766,9.81118,11.4969,9.23599,10.3517,9.65881,10.61,5.88645,7.68783,11.3729,9.32903,3.68353,9.53391,2.25604,11.1715,9.54519,9.72853,11.2518,9.45148,2.07735,12.8545,3.0243,2.70243,3.86927,7.50692,3.34164,11.0138,10.932,7.17433,8.18375,9.7505,10.2589,11.085,4.11915,4.75977,2.27987,9.64189,11.4566,10.6364,3.11709,9.70324,7.73136,4.21729,10.7523,1.37422,1.69822,2.73226,5.3647,6.92614,6.19218,2.0711,3.24764,2.65771,CellLine
8.60693,7.1208,9.31543,1.73769,2.03537,2.68912,2.50062,2.76438,3.10734,5.79186,7.78265,9.47398,10.2029,9.31822,10.4033,8.6956,7.20541,10.6953,6.999,8.90868,8.56752,8.77256,6.56972,7.57549,9.50792,7.54401,1.0854,10.3411,2.32629,9.38805,7.49415,6.98359,9.38724,6.89412,2.10813,10.9378,3.18336,3.02407,6.81781,8.86103,3.02611,9.26976,9.78328,3.91757,6.27213,7.58102,8.6339,9.33325,4.11768,6.31208,2.30867,7.28955,9.5547,9.45374,2.70804,9.66849,6.21412,2.29836,9.39713,2.02484,1.92341,2.97884,2.76432,4.42565,7.26759,2.30084,3.28402,2.86449,CellLine
5.64109,4.63182,3.08053,7.04315,2.2891,4.93136,9.65528,7.19873,11.6966,2.33978,2.27691,6.51461,2.89951,3.05813,4.33399,2.74491,3.12315,4.41728,2.04971,5.77926,2.68394,5.0797,2.85065,2.574,4.73521,2.69156,7.16694,1.69381,7.53201,3.65023,1.55965,2.91151,2.80031,2.28278,9.11106,3.71899,6.55492,4.70955,7.44813,10.2264,2.95997,2.68926,3.60589,8.86179,1.51013,2.76775,4.45198,2.65641,4.08993,11.6895,3.03133,3.96476,3.65234,2.67894,2.68752,8.81397,3.01809,10.1369,2.89517,8.12289,3.8004,2.75695,8.90973,8.97978,5.2153,7.49835,3.34254,9.99868,Normal
4.97958,3.85911,3.40345,7.05667,2.05623,5.30932,6.50055,4.46599,12.8529,2.15326,3.60951,3.50934,3.03338,2.3735,4.05686,2.86214,3.12524,4.32003,2.01699,6.13062,2.62459,4.22134,2.04208,2.48917,5.28468,3.3046,8.0822,1.7604,7.1543,3.67437,2.20649,2.91255,2.6511,3.45214,8.17765,3.69889,6.68262,3.60118,7.73299,8.9416,2.97983,3.08515,3.35005,7.45341,1.96372,2.74601,3.12493,2.77284,4.11891,12.0963,2.34504,4.35468,4.53301,2.70634,2.80559,8.59108,4.68885,9.34927,3.1031,6.10656,2.93691,2.73251,5.84014,9.55064,2.20009,7.0874,3.2927,8.36209,Normal
5.62614,4.69553,3.0805,1.92912,4.26814,4.9352,5.58566,3.91337,13.9601,2.22187,2.203,3.01382,3.91912,2.36095,3.79062,2.91131,2.74137,3.9615,1.89874,6.82876,2.44493,3.84269,5.36283,2.84471,4.44267,2.63237,7.10103,1.67644,10.1311,2.94064,1.72887,2.82696,2.71081,3.35193,7.52374,3.82246,5.76495,4.2606,7.66102,8.53822,2.98501,2.78367,3.0426,6.91895,1.92914,2.78455,3.08542,2.78734,4.05068,10.6129,2.30694,5.94658,3.79857,2.7346,2.77621,8.23256,2.82504,9.41802,2.33912,6.40041,6.14015,2.6967,6.2284,8.90792,2.68396,9.03071,3.19434,6.49443,Normal
6.74438,4.67185,3.05862,4.57958,5.93508,5.75345,6.22837,4.22172,13.8247,1.66989,4.66109,3.42147,6.12099,3.56297,3.65022,2.41087,3.46099,5.16021,1.67637,6.96339,1.77892,4.19838,6.18328,3.7995,2.90196,2.72937,8.29202,1.78157,8.83327,4.16325,1.62947,2.674,2.45841,2.4505,6.94742,3.91262,7.94238,4.63681,7.44188,9.6633,2.92912,4.20175,3.89829,8.53939,1.92741,2.51878,3.18977,2.70547,4.02183,10.2639,2.23324,6.02867,3.21013,2.70088,2.46254,8.61277,3.03949,10.0958,2.96398,8.22275,7.37132,2.61949,8.02097,9.48578,3.20828,8.14548,3.11734,6.67457,Normal
5.70238,3.32222,2.70866,1.79445,5.86967,6.19135,8.14248,3.78485,13.4063,1.76299,2.54474,2.79484,5.02676,2.56593,3.83454,2.68839,3.6988,3.28471,1.69485,6.58115,2.50571,4.87283,6.25366,2.5878,3.90502,2.70679,9.64019,1.70733,6.39191,3.15572,1.73481,2.71612,2.5804,2.3011,7.93713,3.71507,7.57396,4.59286,8.5332,10.7045,2.997,2.87008,3.28844,9.32246,1.94645,3.23428,2.80402,2.71315,4.03776,10.7846,2.28964,5.8515,3.36188,2.62198,2.57922,8.66395,2.95363,9.73372,3.09079,7.98312,8.54422,2.6715,10.7312,9.96119,6.07138,7.9821,3.22322,6.85196,Normal
6.54442,3.37766,2.95964,6.57244,4.31283,5.57064,8.31464,6.44909,13.5299,2.1824,3.61702,4.89306,5.32191,3.51952,3.48464,2.49075,3.97429,3.71636,2.26337,6.51366,2.49152,4.99171,4.83004,2.7452,3.96862,2.65711,9.01697,1.87923,8.07098,4.27522,2.32379,3.00094,2.72495,3.35346,6.31037,4.52943,7.00037,4.24739,7.47666,10.1078,2.97665,3.19615,5.28999,9.53492,2.02026,2.77188,4.16445,2.75084,4.05728,11.2423,2.32279,5.85011,4.28784,2.68863,2.76973,8.36471,3.90483,10.9979,2.95778,8.07741,7.3567,2.68851,8.78094,9.45254,3.76509,6.73921,3.16463,8.80354,Normal
5.86945,4.91482,3.76148,6.39981,4.15626,4.88967,7.74919,7.88019,13.5667,1.89517,2.75016,3.5828,5.52547,2.91124,3.6699,2.71503,3.96415,5.01128,1.87842,6.81147,2.86401,5.45412,6.5596,3.42965,5.24685,3.15494,8.17836,1.91602,5.46407,4.65072,1.8535,2.54916,3.52137,3.04457,8.80779,5.08002,7.02339,4.53584,8.24664,10.4601,2.95946,2.95796,3.49409,8.55759,1.95187,2.52138,4.26085,2.90198,4.07939,11.9199,2.33553,4.64755,3.71871,2.72493,3.25064,7.61097,4.91218,9.38273,3.4468,8.35483,8.48423,2.70006,7.82513,8.57607,6.67111,5.47212,3.18456,9.82031,Normal
5.25887,3.93233,3.13149,7.70869,2.14985,4.20192,10.6817,8.63381,12.2961,2.25878,2.11629,3.34776,2.60942,3.35025,3.91462,2.64273,4.28712,5.71104,2.5458,6.02915,2.69192,5.18778,2.49653,3.04556,5.14776,3.00589,3.84868,1.83406,4.16696,4.13654,1.4809,2.66642,2.92326,3.13011,10.9081,3.71363,6.1041,4.28387,7.40947,9.01703,2.96507,3.31715,3.4088,7.19546,2.49238,3.72254,4.47827,5.55034,4.09306,12.3719,2.32937,4.4688,4.58386,2.61905,2.89024,6.14778,3.9076,9.11697,2.99099,6.38806,3.07807,2.70272,7.1289,8.18395,2.19228,3.57492,3.29771,11.0292,Normal
5.95661,3.92378,3.40589,5.02325,5.5976,6.39974,6.59642,6.0208,13.4414,2.21515,2.19505,3.4774,4.42192,2.97024,4.1086,2.96279,3.9219,4.70141,2.48667,7.14287,2.76536,4.29208,7.00012,3.60022,4.58059,2.47143,10.5087,1.67063,8.57424,3.67552,1.72661,2.89605,2.65127,2.77798,7.83815,4.27864,9.15159,5.14204,8.84392,9.81549,2.98215,2.77778,3.59854,9.30042,1.91837,2.77032,3.07249,2.76842,4.04726,11.4936,2.5747,5.83419,4.39207,2.72469,2.74912,8.60313,2.98283,10.2804,3.18235,7.99326,8.69691,2.66588,8.06617,10.2567,5.31249,8.50268,3.17351,7.39126,Normal
5.45792,4.96299,2.83536,7.53475,4.64584,5.81398,9.78928,7.81173,13.1727,2.1724,4.56516,3.52177,4.21744,2.18103,4.21331,2.87285,3.54815,5.22073,1.92674,5.76909,1.91496,3.72557,5.97237,2.22316,4.73936,2.86903,7.40117,1.87247,2.92719,3.86035,2.3363,2.73525,2.70641,2.13387,9.38641,3.81437,7.26842,3.76957,8.00988,10.353,2.96831,2.87813,4.87316,9.72185,2.66432,3.17845,4.17553,2.90975,4.04855,11.5713,2.2963,4.19781,3.69729,2.43258,2.74979,8.07413,3.10985,10.6275,2.94549,8.02463,6.82583,2.67368,7.88932,10.2494,2.65257,4.49422,3.19824,9.92843,Normal
5.59836,4.20228,2.95703,7.93925,1.77231,6.53392,10.0126,8.86914,12.4529,1.6872,3.67348,2.83932,3.56917,2.80047,3.9545,2.60162,3.45334,4.03387,2.46116,6.54522,2.54199,5.05246,3.78202,2.55985,3.05397,3.12214,7.97658,1.86044,5.0431,3.64972,1.66729,2.79095,2.74742,3.08784,9.79109,3.79104,8.07278,4.28469,7.88564,10.2102,3.00038,2.50543,3.5106,9.32701,2.02205,3.03143,4.17214,3.07569,4.11525,12.0997,2.40996,3.93713,3.69562,2.58573,2.802,7.91055,2.74837,9.64721,3.20433,7.44405,6.11298,2.73927,9.23225,9.75791,3.54156,6.28159,3.3458,10.8056,Normal
7.42271,5.6876,6.86836,1.71448,7.9117,7.88792,2.47293,2.5821,12.7123,2.27137,4.64843,7.30064,7.55327,6.8922,8.30294,7.55633,7.74258,7.4836,2.56859,7.68134,5.24395,7.33515,9.02718,5.6064,8.00409,5.39235,11.7943,1.76756,2.24405,6.88605,4.94004,4.02399,4.95819,3.43575,2.06444,8.21027,8.0856,7.4149,9.5796,8.53913,2.93586,8.01104,8.87511,10.9879,3.3932,4.99497,4.73998,6.03119,4.03442,7.26652,7.35848,6.61324,7.13084,6.40726,2.57354,8.97074,5.69621,7.49857,4.58047,10.5837,11.8999,2.64369,11.3929,10.2974,10.3749,2.24128,3.13786,2.68844,Luminal A
7.03281,6.09827,6.20399,1.71346,8.60774,8.02845,2.4963,2.60438,12.6132,2.27044,5.34676,6.41749,6.53805,5.7303,6.70612,5.51417,6.68878,7.93584,2.58123,7.58437,4.08122,6.42382,8.20437,4.67555,7.10554,4.71721,10.4627,1.76616,2.24753,6.38898,3.55196,3.34686,4.27571,2.10991,2.17602,7.26761,8.73954,7.44577,9.52752,10.2889,2.93751,5.77292,7.78961,10.5277,2.83757,4.26648,4.66757,5.43575,4.02055,8.60927,5.90287,6.97518,4.69146,5.16235,2.58605,8.53433,5.0353,8.96736,3.23602,10.4208,10.7606,2.64707,10.7592,11.5618,10.6032,2.24794,3.13164,2.72533,Luminal A
6.50217,5.99321,5.18271,1.71995,6.14214,6.69784,2.54831,2.64723,11.4605,2.27549,6.49381,6.77664,7.55762,6.22856,7.86549,3.81919,7.83395,6.94949,2.57001,7.28063,5.71589,6.6342,7.79549,4.36579,7.78988,2.44474,9.12815,1.77677,2.27138,6.75806,5.41928,4.32941,6.45956,3.43023,2.12211,7.79466,7.77496,5.12525,8.76883,15.2278,2.95272,6.1983,8.50179,9.70125,4.50339,4.07725,4.71344,5.7271,4.04071,8.49611,2.3005,7.3671,5.57063,5.52459,2.61223,13.5292,6.34797,8.8129,6.03843,9.19057,11.2289,2.71639,9.47899,9.39813,9.96548,2.2551,3.1848,2.89606,Luminal B
8.05199,7.45268,5.90766,1.69168,6.08149,5.53425,2.38656,2.53517,11.7833,3.89727,6.12314,9.6102,10.4688,8.79228,10.6802,9.53012,7.11633,9.38189,6.53228,8.19907,7.505,8.47161,8.0681,7.41906,10.0295,8.29435,11.9822,1.73678,2.16703,9.23623,6.33427,5.41993,8.99674,4.58142,2.0252,11.1868,5.99658,3.58392,9.87249,13.7379,3.16995,9.42945,9.98729,10.8564,5.5037,6.84499,8.53765,8.25733,4.02646,6.57549,7.20284,8.26054,8.72645,9.03968,2.50081,12.6191,7.00444,7.75821,8.49198,11.1007,11.5258,2.59232,11.3604,8.98205,9.6188,2.19829,3.08178,2.57284,Luminal B
6.70343,5.43138,4.62015,1.70206,7.43729,6.71933,2.71935,2.52724,13.6882,2.32425,4.87496,3.76263,6.35081,3.61004,5.28083,3.84377,4.84746,6.29906,1.70958,7.22116,3.12747,4.69702,8.62996,4.81709,5.8352,3.29074,10.9365,1.67665,2.21068,5.6033,2.03923,3.3613,3.36233,3.34292,2.70722,5.69068,9.56324,8.24616,9.61103,9.30967,2.92401,3.48466,6.24451,10.4235,2.34099,2.45773,4.41875,3.12565,4.01791,7.41333,4.45529,6.92909,4.40157,5.10893,2.54618,9.14151,3.84493,8.16675,2.98965,9.6713,11.2577,2.56748,10.9676,10.805,9.76113,2.24634,3.09791,3.32181,Luminal A
7.57718,7.46215,6.19191,1.70965,6.5038,6.43495,2.45472,2.54023,11.7836,4.2483,7.08173,8.95577,9.70029,8.78247,10.4341,7.89432,7.93336,9.2898,4.95337,7.9072,6.19788,7.80052,9.50634,6.54236,9.53452,7.47074,11.3969,1.6837,2.22338,9.67109,7.57884,6.42397,9.0781,5.63041,2.05268,9.67948,8.4163,7.51504,7.65341,11.2407,2.95122,9.30065,9.62762,9.61694,7.03054,7.42444,7.7813,8.5882,3.8772,6.88654,2.94846,10.0553,7.62243,8.32289,2.57661,10.7798,7.37866,6.91043,8.24227,8.222,12.2884,2.6094,9.46648,10.1797,9.21077,2.32992,3.09671,2.67354,Luminal B
7.55192,7.20751,7.02579,1.71215,7.00122,7.00825,2.45962,2.56125,11.0414,2.4179,5.52985,8.4035,9.56409,8.28368,10.0599,8.04677,7.52422,9.85914,4.07102,8.06329,6.97566,8.38309,10.5064,5.99787,9.32172,7.10551,12.7664,1.68016,2.22473,8.43418,7.0918,5.29192,7.74348,5.25154,2.058,9.25252,9.30414,8.06482,8.67799,11.3409,2.95211,9.42071,9.45142,11.3957,5.83549,6.66093,6.89995,7.79383,4.03702,6.85201,5.73347,8.19794,7.82385,8.09732,2.58002,10.1079,6.708,9.28431,6.55522,10.0361,12.9598,2.61342,11.8725,10.2671,9.50138,2.24679,3.12594,2.67837,Luminal B
7.39894,5.39009,6.1035,1.71258,7.80759,7.81394,2.47378,2.53852,12.773,2.25065,5.39471,6.39002,6.82299,5.23916,6.8342,3.85729,6.44236,7.51012,2.51087,7.70865,4.79421,6.22036,9.43289,4.49922,6.75182,4.94913,8.59989,1.83757,2.21806,6.50595,3.38435,3.67449,3.86227,3.02593,2.05576,7.23989,7.70399,7.16464,11.1865,10.7931,2.94671,6.93861,7.00686,10.3924,1.82441,4.15508,4.49162,6.20935,4.04223,7.03883,2.27358,7.26495,7.06905,6.10123,2.73091,9.35267,4.95215,8.22802,4.87752,9.68908,11.3975,2.63306,11.1676,10.4652,10.3148,2.33846,3.06733,2.44596,Luminal A
6.64115,4.42662,4.3448,1.71352,4.10507,5.09875,2.4799,2.57081,12.588,2.46109,6.77466,7.13217,8.70065,5.9079,9.11659,3.96922,8.01179,8.18108,2.58863,7.25509,6.53745,7.07194,9.30486,4.54201,7.36224,5.53344,12.5389,1.82459,2.22452,7.97327,5.33161,5.05785,7.44066,3.36732,2.0635,8.97002,8.03454,6.17875,9.85122,10.5776,2.94974,7.63021,8.38223,9.18677,3.42416,4.59971,6.24899,6.93822,4.04369,7.08514,2.69828,7.14947,6.87671,7.36275,2.73829,10.7845,5.31265,8.40251,5.7367,9.11794,11.7068,2.6475,9.83535,10.1847,8.47376,2.38099,4.10208,2.47046,Luminal B
7.70086,7.38767,8.51283,1.71717,8.84498,8.4761,2.47591,2.55901,10.3773,2.25472,6.394,7.40709,8.14247,7.90138,10.9004,9.0484,7.20173,10.025,6.13885,8.04246,6.49217,7.10317,9.3014,7.13176,9.09998,6.77638,11.6036,1.85127,2.23505,8.42056,6.14238,5.99489,9.11771,3.92461,2.06509,8.36788,6.86486,4.0974,8.692,10.39,2.95224,7.69363,8.88619,10.0767,5.80311,6.87015,5.70249,8.33945,4.04149,6.88338,2.40977,8.38314,7.9537,8.5526,2.75906,9.99455,6.69315,7.42725,9.41048,8.82335,11.919,2.65841,10.284,9.6483,9.33702,2.34547,3.11803,2.46342,Luminal B
7.22615,5.95683,7.7086,1.67869,6.87933,6.778,2.38657,2.51486,13.8029,1.93101,6.14688,7.92227,7.84433,7.90997,8.19851,7.36154,7.0821,7.83422,3.43225,7.40069,5.11539,7.95402,8.52201,5.53081,8.10241,6.74277,10.0344,1.76889,2.16058,8.96729,6.0184,4.53606,7.23445,3.7562,2.00157,8.65038,8.58769,5.60246,8.85403,9.08009,2.91982,8.24098,9.52577,10.19,5.78996,5.59451,6.85222,8.32824,4.0506,7.51965,2.42277,7.56442,8.17457,7.27335,2.44584,8.56547,5.4912,9.03767,7.15616,10.3301,10.1204,2.60347,10.739,9.73934,8.86621,3.124,3.08984,2.6357,Luminal A
6.79832,4.80983,6.6067,1.70915,7.50271,7.34082,2.45807,2.58195,12.3816,1.95815,6.84065,6.49072,8.32674,6.70212,8.53853,6.01129,6.50029,7.53507,2.87016,7.08686,4.70583,6.77943,9.81893,4.90721,6.93508,5.98373,9.81252,1.81618,2.23156,7.43058,4.81111,3.92261,6.7318,3.40677,2.05083,8.03153,8.47872,6.92479,9.54151,9.02116,2.99344,6.99012,7.56392,10.2059,3.86125,4.6673,5.23133,5.59848,4.06414,7.3094,3.41276,6.186,6.90131,5.43018,2.54168,8.55387,4.3129,9.07882,6.64052,9.91349,11.0487,2.67762,10.736,9.2322,9.45717,2.15607,3.19072,2.75111,Luminal A
7.28488,5.43176,6.31694,1.70061,7.93027,7.79056,2.44938,2.56792,11.3377,2.09085,5.52901,6.89093,8.76285,6.07726,8.61375,5.66806,8.16504,8.21022,2.79216,7.56899,5.91571,7.15133,10.1017,5.05999,7.86092,4.83106,11.2779,1.78095,2.22073,6.83353,4.97805,3.91925,6.52929,3.21078,2.03994,7.29395,10.2197,8.78049,12.2751,14.3339,2.9657,7.46636,8.01941,10.8274,3.10916,4.7198,6.05631,5.6666,4.02747,7.16923,2.25731,8.05585,4.59478,5.76146,2.5287,13.0542,6.17228,10.0589,4.68325,9.94916,13.7341,2.63938,11.2826,10.3975,9.00566,2.1452,3.17239,2.73288,Luminal B
8.05798,6.19459,6.90786,1.68813,5.38341,5.60985,2.43874,2.55202,11.3361,2.22943,6.62391,7.74266,9.21419,8.32329,8.833,7.62107,8.56893,8.23275,4.17683,8.31647,5.80903,6.54047,7.21028,8.51403,9.30449,7.1507,8.87572,1.78642,2.17568,9.94062,6.94007,6.38686,7.4493,5.05967,2.01408,8.83703,6.11431,3.83927,7.6449,14.6753,2.9782,8.08584,8.87267,10.5257,5.90557,7.06352,7.53352,8.55228,4.02962,7.56027,2.23826,8.49758,9.03565,7.69042,2.4772,13.8604,6.42134,8.7531,6.79581,7.65237,11.7501,2.58141,10.3195,9.20062,9.57923,2.10442,3.12497,3.08225,Luminal B
6.84965,5.19816,5.37576,1.69724,7.84323,7.8858,2.41682,2.49777,13.7335,1.75143,6.01506,5.67513,6.79347,4.63678,6.26424,4.15567,6.00058,6.19153,2.31947,7.38765,3.26986,5.52758,7.7566,4.43857,6.04562,3.42426,11.8155,1.69966,2.19527,6.96974,3.18826,3.05363,3.43314,2.65888,2.02813,6.7543,9.01771,6.59028,10.0002,10.2107,2.965,6.33507,7.43093,10.1127,2.53881,4.08234,4.46478,5.50173,3.94837,7.34853,4.75652,7.00585,5.5996,5.99382,2.50638,9.0219,3.74239,9.1856,4.43027,10.0672,11.2035,2.58081,10.8148,11.6392,9.64951,2.15803,3.13356,2.67135,Luminal A
7.29869,5.66363,5.01805,1.68985,7.91184,7.66393,2.37131,2.47715,13.595,1.74394,5.65323,6.12606,7.17439,5.44481,7.07538,5.58624,6.07766,6.87309,2.30787,7.27182,4.02648,5.58174,9.29865,4.04105,6.42572,4.55596,11.3289,1.68404,2.18427,7.12385,3.31754,2.67385,4.06951,2.5391,2.01834,7.33031,9.07652,8.04128,9.22825,8.88069,2.95339,6.58429,8.29475,10.0162,2.6854,4.70075,5.17251,5.49218,4.04464,7.36155,2.79502,6.78198,4.71062,5.88622,2.48986,8.38093,4.37251,8.94439,3.78288,10.9148,11.2656,2.55511,10.6774,10.7821,10.785,2.13203,3.11778,2.5995,Luminal A
7.45002,6.18014,7.19996,1.70506,5.75152,6.59276,2.459,2.54009,13.087,2.42379,5.78359,7.97969,8.48514,6.63368,10.2319,7.84359,7.30631,8.5388,4.55863,7.76058,7.70638,7.13913,8.91569,5.80964,8.54768,7.02468,9.87156,2.13281,2.20892,8.82909,4.3031,4.63547,8.52267,3.26145,2.04225,8.91546,7.26774,4.31445,10.9139,13.8962,2.98258,8.50164,9.76047,11.0244,4.74865,6.48862,6.88391,7.99755,3.99203,7.44557,2.24818,7.84753,8.45827,7.39997,2.53953,11.9787,6.25986,8.5858,8.79731,8.89512,10.5718,2.64892,11.7217,8.73276,8.98007,2.15377,3.1549,2.71127,Luminal B
7.79156,5.89906,6.20889,1.70725,4.47279,5.09488,2.50121,2.54893,11.2417,2.43228,5.67084,9.02782,8.68103,7.63215,9.65998,6.8101,8.59817,8.90888,4.54854,8.05068,6.32941,6.27233,8.65735,6.83557,9.05519,6.90871,10.0403,1.71037,2.21094,9.4241,5.84166,4.56378,8.36497,3.48531,2.04449,9.61789,7.51854,4.8009,10.2922,15.1814,2.98736,9.54641,10.2975,11.1402,7.01623,5.93599,8.0014,8.6306,4.04817,7.5915,2.25115,7.95978,9.19065,7.90499,2.56058,12.9716,6.75818,9.11947,6.80753,9.75932,11.4745,2.6518,11.4539,9.95293,8.42841,2.15574,3.19962,2.83779,Luminal B
7.68441,5.71976,4.56316,1.71818,6.28578,7.1167,2.47152,2.64815,10.6474,1.89299,7.24077,8.0182,10.1054,8.51583,9.30438,4.00716,7.79921,8.67908,2.47467,7.99951,8.63945,8.0586,7.44027,4.07223,7.82742,5.47538,12.5062,1.71492,2.2379,8.93528,7.5268,4.33197,7.18748,3.88842,2.06394,8.63259,9.44813,8.30233,10.0347,11.4313,3.00471,10.2434,8.98969,9.77213,5.96366,3.71412,4.66283,8.04911,4.05498,7.56282,2.30746,7.1077,6.57246,7.45048,2.62019,11.149,6.73781,8.55304,4.81371,11.2103,12.2962,2.69559,9.45892,9.60026,8.213,2.18424,3.25074,2.75896,Luminal B
6.8832,3.64887,5.38689,1.69274,7.81706,7.24768,2.43741,2.50733,13.0755,1.6655,5.42028,5.97758,8.23501,4.38185,6.92987,3.84401,6.10704,6.47201,1.69161,7.14028,4.2965,5.57614,11.1432,5.74808,6.42444,3.62876,11.3237,1.82799,2.18551,5.57596,3.68895,2.5993,3.30701,2.58113,2.01253,6.40047,10.5997,8.60466,9.90644,10.4251,2.94708,7.80408,7.18593,10.8142,1.83315,3.19341,4.09615,4.22973,4.03449,7.32791,2.48453,6.96601,3.78118,5.54883,2.65565,10.3115,4.934,9.23346,3.1653,9.70687,11.1015,2.59838,11.2911,9.88783,9.76765,2.95479,3.10391,2.45339,Luminal A
6.40945,4.56969,3.08219,1.71778,8.2535,8.32174,2.50283,2.56227,12.9673,1.68652,4.10003,3.54103,5.84619,2.20634,4.2418,3.13858,5.22648,6.14443,1.76314,6.79324,2.66497,4.65492,10.7642,4.00387,4.76288,2.52767,12.8303,1.85296,2.21659,4.23401,2.18183,2.68781,2.70476,2.96059,2.21536,5.5806,10.8053,9.54897,9.77339,11.0571,2.99031,3.53004,5.47568,11.1555,1.92286,2.5314,2.66576,3.40655,4.06875,8.51575,6.75397,6.02855,3.34322,4.17206,2.72994,9.40324,2.89423,9.64944,2.33114,11.0997,12.1611,2.68739,12.4519,10.4211,10.6721,2.26261,3.18877,2.61973,Luminal A
8.19011,5.36133,7.85497,1.71454,6.72095,7.34161,2.47693,2.54948,11.1951,4.32258,6.61319,8.97071,9.6211,8.03113,9.85766,7.82504,9.13173,10.2667,5.66921,8.18465,8.46253,8.01144,6.4646,5.70291,9.00954,7.44797,12.0771,1.85253,2.21674,10.0899,7.10427,7.11079,9.35689,4.31473,2.05129,9.7765,10.2487,9.69339,10.5166,12.7156,2.99114,9.4609,9.40499,10.6909,7.09865,6.75116,7.67873,9.41263,4.06031,6.9877,5.96681,9.01775,9.0681,9.66401,2.73071,12.2817,6.32826,8.91148,6.23136,10.7548,11.8871,2.69581,11.9153,11.1351,8.99712,2.26307,3.17291,2.51328,Luminal B
7.51218,4.50932,5.08305,1.70499,5.87339,5.97969,2.46522,2.53841,12.3207,1.67706,5.26537,7.74327,7.68901,6.94376,9.28942,8.11045,7.83672,9.06119,3.72599,7.83298,6.38036,6.6207,9.32659,6.30774,9.22307,6.61134,11.8174,1.84921,2.20106,8.73835,5.42791,7.75643,8.32626,3.2673,2.04027,8.43222,8.3788,6.81405,10.2491,13.8928,2.97397,8.1145,9.44447,9.99309,5.80206,6.1267,6.44296,8.42297,4.0578,7.70129,4.19705,6.94811,8.16152,7.62209,2.69398,12.9545,5.65825,8.85886,6.62427,9.69313,10.3544,2.67161,11.6587,9.83215,10.1126,2.248,3.13581,2.52001,Luminal B
7.12197,5.60989,5.82152,1.70598,7.69066,7.82259,2.46798,2.54592,12.2332,1.90794,5.8915,7.40162,7.7259,6.80994,8.1337,6.029,7.59223,7.54761,2.49579,7.18727,5.12468,6.61357,9.3699,5.73514,7.01682,5.14542,13.5326,1.83485,2.21466,7.73765,5.77595,5.13151,6.0156,2.98664,2.04287,7.86591,10.9176,9.55727,9.5616,10.5087,2.93343,7.96526,8.85254,11.5259,4.20357,4.2968,5.85906,6.92265,4.03864,7.51644,7.0094,7.30372,5.67612,6.74341,3.01581,9.83891,5.12404,9.97434,4.83123,10.9458,12.2944,2.6535,11.8839,11.8008,9.82408,2.75626,3.1357,2.58783,Luminal A
7.15877,5.48262,5.75964,1.71178,6.50481,6.76357,2.47843,2.55434,13.5528,1.91429,5.34864,6.53837,7.37547,5.26277,7.44284,6.26902,6.22841,7.70346,2.50516,7.42584,4.24857,5.09719,7.94198,4.03144,7.25663,5.17983,11.2142,3.17112,2.22341,6.22915,2.60037,2.89453,6.18007,3.0157,2.05035,7.97531,8.30441,6.7902,9.60292,10.1561,2.9428,6.50252,7.62131,10.3624,3.41925,3.75916,4.88482,4.513,4.05994,7.61751,5.07509,6.9934,7.66174,5.9508,3.02909,8.71182,4.19368,8.58658,4.55195,10.2934,10.2604,2.66473,10.3525,10.295,8.5753,4.2987,3.14406,2.59542,Luminal A
7.06667,5.91326,4.85945,1.71063,6.69834,6.84377,2.47507,2.55366,12.8155,1.91248,4.05864,6.57856,7.2621,4.90262,7.57855,4.37334,5.92539,7.59968,2.50331,7.35816,4.40508,5.08407,9.58793,5.04879,6.63712,4.37726,11.9593,1.84792,2.22935,6.457,2.3367,3.32526,4.33836,2.23398,2.05005,5.40747,10.3429,9.64461,9.4071,11.3813,2.94107,5.83305,7.11189,11.5335,2.83083,2.55153,4.55911,5.17459,4.06569,7.50951,3.87333,6.99296,5.8081,5.37263,3.02695,9.74617,4.07566,7.87683,3.37508,9.91286,11.5472,2.64076,12.3657,11.2241,10.5422,2.26485,3.14343,2.59331,Luminal A
7.51896,6.62855,7.06128,1.69455,7.193,6.97539,2.4261,2.52477,12.2948,2.60291,6.43271,7.92384,9.49872,6.99654,8.68226,7.59693,7.08658,8.67622,4.53688,7.63991,4.58741,7.45373,10.556,6.145,8.42253,6.18854,11.939,1.83252,2.18583,7.85114,5.00014,4.31171,7.10163,3.57678,2.02296,8.85367,10.3889,9.21253,9.24103,12.4334,2.94316,8.20288,8.53,10.9533,5.3005,5.59246,6.70041,6.53698,4.04454,6.94882,2.91543,8.0302,7.13203,7.55774,2.98701,12.0582,5.76491,7.82114,6.34919,10.0007,13.6057,2.60057,11.4595,10.7802,10.1694,2.02139,3.11543,2.5364,Luminal B
8.13146,7.35485,7.30373,1.70168,6.46155,6.49459,2.46616,2.54417,12.0797,5.55421,6.91413,10.5711,10.667,9.80917,11.4247,9.18571,9.59735,10.7884,7.01718,8.23689,7.8994,8.65267,10.1037,7.5169,9.52534,9.04698,11.958,1.83165,2.21222,11.1369,8.51792,7.4411,9.6327,7.16124,2.04003,11.2976,8.74347,6.36466,6.76709,13.8895,2.93095,11.1088,11.5109,10.8112,8.50507,8.68308,8.93991,10.2119,4.13791,6.75769,5.22511,8.41735,8.93441,9.92534,3.01548,12.6289,8.41061,9.08816,9.21375,8.78927,13.1895,2.64571,10.3949,10.1847,9.92683,2.0479,3.1379,2.58869,Luminal B
6.99632,4.2971,5.47824,1.71364,6.9795,6.67786,2.47995,2.57027,13.6469,1.98058,5.08016,4.22161,6.5704,3.09808,6.19666,4.24875,5.92003,6.4177,2.44153,7.25162,3.24843,4.65262,8.06084,4.78973,6.17286,2.84771,10.5706,1.7649,2.27591,6.10455,1.93139,2.59478,3.39136,2.74422,2.05456,6.99968,8.57866,6.89844,10.0383,10.1565,2.96491,4.16451,6.40777,9.92685,1.976,3.56007,4.42567,3.41153,4.0592,7.58535,2.42789,6.57641,4.48994,4.98472,3.06839,8.50859,4.70063,9.20467,3.34686,11.1819,9.4753,2.65978,10.2245,10.3445,10.3019,2.05716,3.16547,2.60553,Luminal A
6.67889,5.45129,3.81185,1.70283,7.54801,7.64214,2.45037,2.50774,13.4632,1.96838,5.76989,4.82539,6.73527,4.54539,4.90035,3.41355,6.46408,5.46926,1.71683,7.25723,3.06312,4.94063,8.50723,4.32845,5.4294,3.27546,10.5052,1.74496,2.89603,4.90213,3.66726,2.53754,3.22427,3.17605,2.03565,6.94983,7.9604,7.15004,10.9058,9.64627,2.9411,4.12784,6.27832,10.1317,1.95803,2.78652,4.38319,3.34875,4.05336,7.21047,4.61888,6.474,4.5281,4.05572,3.02719,7.93083,3.24832,9.44355,3.33187,11.2593,10.3569,2.62487,10.197,9.4774,9.93227,3.64337,3.12295,2.52856,Luminal A
7.33159,5.86878,5.49357,1.71647,7.03084,6.98861,2.51031,2.53363,11.5138,2.02819,4.37151,7.21118,7.17314,5.83959,8.21019,7.11418,7.92336,8.46614,3.76385,7.74936,5.93457,7.08911,9.46729,5.13348,7.84366,5.78625,13.4062,1.75751,2.20717,7.58078,3.38659,4.53461,6.65584,2.28602,2.05178,8.41882,9.12013,8.11666,10.6953,14.9338,2.96357,7.62589,8.46837,11.8261,4.50883,4.57816,6.35278,6.79363,4.06696,7.36534,5.28223,8.34863,8.57772,7.83609,3.0635,12.3644,4.7465,9.58307,5.14396,7.45458,12.0184,2.66334,11.3527,10.6886,9.1619,2.05526,3.16411,2.57738,Luminal B
7.62965,5.7779,5.3477,1.70568,4.39276,5.91609,2.47219,2.52945,11.9194,1.97311,5.79902,8.3644,7.78283,6.5759,9.03503,6.05101,7.84774,9.01582,3.44261,8.07747,7.07503,6.73579,8.08776,5.46357,8.47118,6.51732,7.71591,1.7577,2.19971,8.67221,5.90189,5.5006,7.90415,3.6871,2.03901,8.45292,7.64485,5.37206,9.23552,14.3374,2.94507,9.48314,9.57674,10.2952,3.87821,5.98933,7.21759,7.58432,4.05626,7.14948,2.22774,7.88754,7.97271,7.61699,3.03475,12.8224,6.1013,8.26231,6.76509,8.43808,10.2112,2.64578,9.81463,8.94412,8.50501,2.04153,3.14353,2.55732,Luminal B
7.00497,6.08103,7.29214,1.71878,4.55912,5.04522,2.49085,2.58545,9.98129,1.986,6.54936,7.48788,7.4349,5.72758,8.18901,8.47748,6.04536,9.03847,2.82204,7.74508,6.52235,7.35022,6.23896,6.93405,7.20895,5.16512,11.3288,1.77203,2.2934,8.12242,5.23235,4.78627,7.17223,3.75036,2.06238,6.9743,5.90107,4.28907,7.66085,14.8606,2.99911,7.90722,8.38707,10.0214,4.41215,4.86737,5.92502,7.85535,4.06344,7.54126,4.96263,8.60771,9.65619,7.4799,3.08246,14.2223,5.234,7.67661,7.94826,5.08009,11.7873,2.67265,9.57558,9.28589,9.29986,2.05519,3.19366,2.61984,Luminal B
6.99333,5.15747,5.81361,1.71892,8.7003,8.64253,2.5203,2.53281,13.5856,1.90031,4.3337,4.83488,7.94674,3.32706,5.61942,4.34323,5.66984,7.77103,2.51821,7.4054,2.44549,5.33048,8.83758,4.7838,6.5711,3.87967,13.6125,1.90555,2.21401,4.17776,3.04255,2.49891,3.19031,2.78258,2.05303,6.75433,10.7377,10.1677,10.2177,11.0763,2.96526,6.29536,7.12922,10.2013,1.95072,3.66841,4.26158,3.0475,4.07477,7.33995,7.42471,5.97694,4.63836,6.37222,3.21307,9.45813,3.55332,9.40332,3.5117,11.6629,10.9479,2.66908,10.9965,10.0977,11.0025,2.15744,3.15295,2.41384,Luminal A
8.35771,6.93894,8.2606,1.71587,5.13246,5.43213,2.48123,2.54868,10.8002,4.779,5.80316,9.92401,9.66789,7.63078,11.5958,9.52701,8.75563,10.5132,6.82719,8.7946,9.04179,9.30503,9.37087,7.4658,9.75498,8.3495,10.944,1.91316,2.20976,10.1439,6.50515,7.04465,8.73459,4.08152,2.04871,10.7655,9.44749,9.30837,8.83337,14.8548,2.95579,10.7221,10.978,10.9841,7.82266,7.90718,8.63993,11.0024,4.05068,7.30439,3.67998,8.51472,9.90833,8.4636,3.20752,13.8028,7.20186,8.12202,7.45721,8.42738,12.8482,2.67794,11.3154,12.3457,10.2346,2.14518,3.14738,2.35548,Luminal B
7.08194,6.28043,4.97553,1.71593,7.16289,7.15041,2.6165,2.6603,12.4349,1.89981,5.05435,6.96405,7.7261,6.0862,8.41184,6.30244,7.15186,7.00989,2.52565,7.55057,5.12848,6.55743,9.11995,4.72744,8.18493,4.71852,12.502,1.90913,2.59522,8.67726,3.75877,3.91282,6.94181,3.5306,3.0398,8.46627,9.56688,7.24961,10.7669,14.3051,2.97196,8.61342,8.44935,10.8194,3.05443,4.37542,6.65292,8.09922,4.06511,8.97414,4.80622,7.5746,8.09743,7.06809,3.22995,12.4398,4.53993,8.87905,4.99316,10.3103,12.4346,2.69664,10.9079,8.5403,9.46492,2.60622,3.16286,2.59365,Luminal B
6.84023,5.81465,5.10277,1.68546,8.01564,7.34546,2.38969,2.50013,12.2252,2.15441,5.67449,4.89418,7.15095,3.89153,5.63032,5.59479,4.01834,4.78099,2.18286,7.17318,4.32508,5.60648,9.64998,5.36958,6.20242,3.12153,11.8179,1.8705,2.12899,7.0209,3.72031,2.96736,3.68684,1.98635,2.00991,6.68963,9.4726,7.19461,8.74108,10.9379,2.92913,5.50168,6.54914,10.8902,2.63084,3.56007,3.86951,4.67063,3.99506,7.26639,5.44755,7.08989,4.45736,6.02501,2.66927,9.86983,3.20531,9.8359,4.5767,10.5971,12.8515,2.61484,10.7423,11.2986,10.7352,2.20638,3.0646,2.48191,Luminal A
7.25026,6.61686,5.35601,1.68639,7.76883,7.38156,2.39105,2.51625,12.6107,2.15655,6.742,6.26782,7.32123,4.97638,6.61519,6.59138,5.93731,7.15035,2.28371,7.65605,4.32851,5.49101,8.00418,5.54959,5.47495,3.64778,11.8616,1.89233,2.15444,7.18406,3.19433,3.71709,5.07169,2.40201,2.01006,7.25565,9.12173,7.67305,10.2612,11.3832,2.92233,6.4424,7.04788,11.854,2.82338,3.27241,4.48767,6.00241,4.03502,7.08175,6.5424,6.87987,4.59672,7.2365,2.67268,9.80344,4.40299,9.86364,3.54279,11.3599,11.5021,2.57724,11.7798,11.5121,9.62736,2.20918,3.06903,2.50561,Luminal A
7.39641,7.06557,5.50665,1.70071,6.19091,6.36525,2.45499,2.53824,9.81392,3.30057,6.54934,7.74831,8.39835,8.07006,9.62659,7.78187,6.99482,8.11304,4.3493,7.65177,7.10347,7.62621,9.10264,6.37318,7.64309,5.90272,11.8473,1.87345,2.1979,7.42761,6.68268,4.60821,8.82598,4.73466,2.03635,9.8924,8.19428,6.86976,10.176,11.0002,2.97483,8.35625,8.34849,10.188,5.0245,6.65749,7.15073,8.11662,4.03765,6.81349,4.82373,8.32409,7.81694,9.00032,2.72725,9.78261,6.11108,7.39817,8.06576,8.29723,12.2994,2.65337,9.27787,9.24348,9.83574,2.22281,3.12421,2.55443,Luminal B
7.36747,7.00641,5.70577,1.69849,4.14762,4.33377,2.45672,2.52936,13.0482,2.42126,6.65624,8.90479,8.29474,6.87767,8.86094,8.29579,7.42695,8.74766,3.99007,8.10863,5.80936,7.22648,10.3095,6.3174,8.69434,6.65859,11.0407,1.85952,2.1823,9.28986,6.13482,5.69772,8.02008,3.64911,2.02727,8.02009,9.05483,7.22325,7.91688,13.865,2.96017,9.21943,9.44572,11.0154,4.2927,6.73452,6.70545,9.04332,4.05954,7.5227,2.24822,7.79824,8.09708,8.68827,2.7125,12.2178,6.60022,8.36157,7.27639,8.78129,11.5114,2.66039,11.4168,9.70968,9.50439,2.22896,3.12533,2.56772,Luminal B
6.91589,5.27968,3.20035,1.73602,8.12002,8.66772,2.48358,2.57447,13.7553,2.26486,6.22603,5.1678,6.58975,3.21577,5.23025,3.82253,6.40956,5.61225,2.21945,7.13626,4.14286,5.02611,9.24863,4.80344,5.19346,2.84786,10.549,1.8134,2.2607,5.95771,2.46944,2.9668,3.42229,3.3174,2.0851,5.86056,8.91183,7.02295,9.38798,11.1351,3.0035,3.49994,7.07401,10.4111,2.84518,2.8192,4.47905,3.50667,4.23546,7.27865,2.38948,6.50833,4.40572,4.78816,2.8422,9.09863,3.0779,9.67908,3.07652,11.5659,10.5565,2.77203,9.92646,9.87932,7.95845,2.62254,3.21721,2.62533,Luminal A
5.68589,5.45859,2.88617,1.71651,7.82939,7.94057,2.47345,2.5062,12.4481,2.23495,4.33277,3.46121,5.31779,2.15746,3.47606,2.53623,3.66317,4.93073,1.48123,6.65282,2.74883,3.66235,8.21096,2.91675,3.97619,2.67682,12.1754,1.79088,2.1807,4.34667,1.88446,2.59917,2.73504,1.99575,2.40501,4.41859,9.0627,6.7861,9.4063,10.999,2.97551,3.43684,3.59649,11.5059,1.97446,2.75302,2.86322,3.34384,4.00669,8.98733,3.14692,6.07002,3.4227,3.86291,2.74444,9.50031,2.97768,10.0565,2.33951,11.8338,10.704,2.63053,11.9951,12.0813,10.0718,2.34558,3.122,2.66785,Luminal A
6.0882,8.07189,4.24204,1.70155,4.83882,5.62576,2.44341,2.51862,12.1525,2.23796,5.13711,6.99087,7.66947,5.71775,7.19376,5.29048,5.44707,6.18795,2.60567,6.78194,5.03548,5.90318,9.18011,4.48701,7.61726,4.258,11.7402,1.78093,2.1801,7.17799,3.94378,3.81011,5.01123,3.30209,2.03069,7.4995,7.33985,4.16597,8.86933,10.8529,2.96251,7.07659,7.96564,11.0249,2.83836,4.98251,5.13058,6.34302,4.02313,6.72852,5.42861,6.45819,4.76795,5.36744,2.73601,9.31463,4.47817,8.66749,3.58575,11.256,11.5472,2.63429,10.6687,10.4977,8.9529,2.23443,3.08642,2.54151,Luminal A
7.35386,5.95712,5.7149,1.70458,7.32741,7.33434,2.47267,2.51213,13.7754,1.99444,6.79938,6.71223,6.72195,5.77334,6.73029,5.91799,7.03966,7.75942,2.32264,7.60513,5.07825,6.42567,10.0327,4.92316,7.09409,4.53339,10.0786,1.92548,2.18422,6.8943,3.76035,3.05875,4.92524,2.67492,2.04043,7.56086,8.61003,4.84743,9.48507,11.0243,2.96179,7.18761,7.82585,10.2936,3.11456,4.89309,4.97599,5.88008,4.03331,7.35344,3.01023,7.39509,6.18509,5.49374,2.90214,8.98228,5.50845,10.5012,3.26256,9.08019,11.2857,2.6671,8.94665,9.53947,5.54223,2.33714,3.07267,2.33356,Luminal A
7.20402,4.33148,5.08723,1.71258,8.41847,8.16408,2.64374,2.59685,12.7894,2.16039,5.72707,6.48452,6.7058,6.49207,6.74613,5.76164,6.49713,8.03771,1.58682,7.37773,4.44787,5.66587,8.68246,4.03025,7.62329,3.20973,11.6798,1.93108,2.18918,7.47024,3.72941,2.84784,3.82053,2.59318,2.07566,7.09674,8.02824,4.94793,9.80426,11.3296,2.96691,6.66292,8.28017,10.8772,3.11035,3.13193,4.45601,5.41333,4.03859,8.78999,6.78689,7.12715,5.56418,6.42142,2.91653,8.96971,4.97082,10.0899,3.26708,12.2322,11.3462,2.66908,11.0743,11.6933,10.1238,2.3375,3.09998,4.23754,Luminal A
7.31024,6.30007,6.99271,1.71066,7.3709,7.12269,2.46955,2.52051,11.5554,2.16305,4.1971,7.14118,7.4201,6.95899,8.73924,6.85026,6.52894,8.49826,2.33317,7.58283,5.74667,7.08407,11.8598,5.25062,7.79742,5.44202,14.0679,1.94029,2.29014,7.15915,4.16605,4.09043,7.09107,3.11229,2.04272,8.18368,10.1485,9.27594,9.61119,10.4505,2.97796,7.9502,8.8835,11.2802,4.96946,4.93609,5.9636,6.32323,4.05328,6.89672,7.41521,7.19624,7.34074,7.04858,2.91596,9.84316,5.43189,9.67167,4.83798,11.9458,13.2722,2.66099,12.0144,11.1327,10.9246,2.34765,3.08111,2.34247,Luminal A
8.18165,7.27493,6.84106,1.70606,6.58078,6.6157,2.46493,2.50525,11.5197,2.61209,7.29387,7.37335,8.30642,7.63293,9.13649,7.83024,7.35919,8.05036,2.69964,8.09435,6.69227,8.63693,9.58993,5.23553,8.8438,6.8447,12.8135,1.92703,2.17538,7.95611,5.35886,4.54356,7.5622,3.32122,2.03385,8.41966,7.41745,4.63862,10.6773,14.6845,2.97564,8.64712,8.76142,9.51229,5.92488,6.19679,7.48926,7.07869,4.04561,6.81915,5.83163,7.62193,8.67314,7.40992,2.9017,13.6345,5.70011,6.97737,7.20361,7.74107,10.9364,2.6515,9.72322,9.96368,9.8227,2.33819,3.11105,2.34768,Luminal B
7.38766,6.19594,5.6124,1.70061,4.34744,4.56009,2.47386,2.51453,11.1449,2.15423,5.12672,7.87868,8.54765,6.26412,8.89155,6.78642,8.29204,8.95429,4.50275,7.34578,5.96644,6.82985,6.55587,4.5984,7.79954,5.46004,8.15213,1.9377,2.17021,7.56708,4.86974,4.93083,5.90082,3.40265,2.02779,7.94836,3.20654,3.59128,7.85613,14.5958,2.95266,8.8216,8.80712,9.46082,5.35916,6.03005,5.89481,8.29386,4.03932,6.77586,2.61847,7.13204,6.44546,8.14796,2.89357,13.4916,5.79209,8.86658,4.93664,10.9884,7.78545,2.65623,9.54383,8.82484,7.14212,2.32966,3.10342,2.31964,Luminal B
6.96242,5.98386,6.43676,1.68263,8.57394,7.96578,2.36177,2.5219,13.4238,1.98102,6.05872,6.31808,7.52225,5.41106,6.54265,6.49085,5.76601,6.56902,2.54773,7.37247,4.70931,6.45701,9.48305,4.80711,6.76436,4.3055,8.44134,1.74609,2.16384,6.75578,3.65426,3.26834,4.90777,3.30777,2.01235,7.27036,8.46128,6.42108,10.0845,10.5164,2.92234,6.26392,7.37395,10.2244,2.64317,4.47582,4.75224,5.11933,4.02081,7.38237,5.20701,7.16197,5.80817,5.5981,2.6152,8.9969,4.42546,8.29402,4.84112,10.02,10.6686,2.59483,10.64,10.1809,10.547,2.08092,3.03982,2.68946,Luminal A
7.25745,4.33161,3.53787,1.70876,5.8193,6.1174,2.4572,2.60408,12.4512,2.15035,4.91204,6.22661,7.68569,4.55905,7.22829,4.13863,6.78126,7.45563,2.66883,7.42445,5.32582,4.73246,6.32674,4.02128,7.08645,5.05886,9.98127,1.75994,2.2292,5.92357,4.38984,3.79319,4.05226,3.40166,2.05437,7.62341,5.73017,3.64646,7.30792,13.537,2.96695,6.03445,7.58482,9.64712,1.94145,2.70914,4.78036,3.21679,4.05965,7.61853,3.36268,7.66547,7.00349,6.08413,2.71046,10.9882,4.44161,8.87194,4.34529,8.31676,8.08774,2.65939,8.81267,8.94487,8.30366,2.13165,3.15885,2.7937,Luminal B
7.54377,7.1913,5.67915,1.71161,4.02402,6.09983,2.50301,2.63084,10.6275,2.8331,5.52174,9.00541,9.43303,8.56698,9.42085,4.16264,6.88951,9.48071,2.73994,7.77213,7.48753,7.71086,7.27592,6.2481,8.329,5.52459,10.0699,1.75667,2.24157,9.04205,7.01879,6.04869,7.46823,3.74498,2.061,10.138,6.84019,4.19658,9.35109,15.0499,2.97588,9.20278,9.70921,10.5995,6.04078,5.20283,7.27226,8.40861,4.05688,7.63354,2.26614,7.99882,8.17598,8.71912,2.72807,13.9881,6.96682,9.9614,7.30273,5.74633,11.4894,2.68658,9.66466,9.55846,9.02597,2.19122,3.17545,2.81234,Luminal B
7.41607,5.25207,4.06113,1.71417,8.17374,8.02928,2.49073,2.59571,12.8691,2.22019,4.62738,5.51446,6.71449,3.42026,5.70334,5.35588,5.02478,6.97197,2.52867,7.61188,2.8929,4.76711,8.22404,4.02929,6.56627,3.32119,12.457,1.67706,2.21821,6.97704,2.4351,2.86642,3.5835,3.35805,2.06838,6.81709,9.93379,8.66898,9.84574,9.33336,2.99022,5.19082,7.26245,10.2031,1.97952,3.85876,4.72846,4.71821,4.04383,8.36595,6.84322,6.75489,5.18727,5.80129,2.7363,7.96173,4.22746,9.60892,3.24979,11.2946,12.7866,2.65283,10.5199,9.54066,10.3555,2.15715,3.139,2.854,Luminal A
5.83454,4.63907,3.21072,1.71187,6.36114,6.33463,2.43576,2.58798,12.4676,2.21719,2.34942,3.55582,4.40601,2.34442,3.7818,3.61407,6.16245,4.8071,1.85347,6.04802,2.76645,3.78896,8.25895,3.21133,3.71247,2.5074,12.1623,1.67213,2.23025,5.45184,1.72756,2.79796,2.64001,2.3045,2.05487,4.92804,9.84956,8.86768,10.1172,10.6452,2.98198,3.22274,2.83174,10.7716,1.91771,2.76662,3.06953,2.33072,4.04692,7.73542,6.66203,5.28565,3.17449,3.77579,2.72795,8.80737,2.81194,10.0294,2.38652,10.6809,11.9918,2.64502,11.1737,10.113,11.5299,2.49952,3.13325,2.76926,Luminal A
8.83376,7.44651,7.39922,1.70652,4.14653,4.89412,2.42941,2.57268,10.4086,5.49502,6.09656,9.89494,8.82392,8.47854,10.6985,9.23565,8.65515,9.96785,6.32666,9.06945,7.54968,8.06776,7.73439,6.85923,10.0515,8.18743,12.0019,1.66515,2.21254,9.70534,6.75462,6.79183,8.31145,5.22654,2.04578,11.0584,8.7166,7.25609,9.33105,14.3537,2.97936,10.5751,10.9721,10.4886,7.77393,8.12366,8.81865,9.42498,4.04125,7.3397,2.28436,8.06206,9.77155,9.80056,2.71504,13.9793,6.75572,7.23868,8.94388,8.83298,11.8925,2.64075,10.0042,9.98311,10.2404,2.14146,3.1472,2.75799,Luminal B
6.88277,5.48167,3.26687,1.7077,8.18526,8.27669,2.44773,2.54738,12.016,2.12899,2.28381,3.88028,6.0764,3.13387,4.9283,2.85019,3.98266,5.71444,2.64765,7.28715,4.07395,4.31279,9.71333,4.56001,5.69776,3.6672,12.4154,1.81542,2.2585,5.62426,1.65083,2.80584,3.06068,2.80146,2.05399,6.08394,8.28085,5.97573,9.90878,10.6116,2.97448,3.16632,4.74384,10.2887,1.68614,2.84122,3.91734,3.84367,4.05022,7.3991,7.46443,6.79144,3.92153,5.15418,2.87418,9.18859,2.98421,8.46611,3.34031,10.6301,10.8903,2.65498,10.3344,10.5805,11.4788,2.23915,3.09862,2.54411,Luminal A
6.837,5.03355,3.68653,1.70543,7.15439,6.86099,2.44436,2.54045,12.2615,2.12879,5.79731,5.06838,7.49312,3.04894,6.63602,2.84992,6.76229,5.8914,2.59116,6.77028,4.23822,4.22652,6.85312,4.29209,5.44891,3.1532,12.6249,1.80458,2.19686,4.57029,1.65017,2.73079,3.05752,1.80565,2.03893,6.36542,9.76701,8.27791,9.45674,9.97232,2.97506,4.15598,5.60413,10.026,2.11019,2.64271,4.41216,3.61235,4.05573,7.5107,5.7689,5.73668,3.64583,4.55283,2.84354,8.17482,4.20046,9.21236,3.2731,7.91572,13.1736,2.64562,10.0921,11.1628,10.3218,2.26857,3.09169,2.55692,Luminal A
7.29371,5.11008,6.28098,1.70599,3.11103,3.33979,2.44527,2.53892,12.0015,4.60112,6.89441,8.34833,9.37129,8.12828,9.63639,7.74306,7.09484,9.58425,5.35873,7.615,7.42877,7.64204,7.87675,8.26979,9.07284,7.61792,11.9883,1.81384,2.20505,9.04264,6.67892,5.87592,8.28829,3.84934,2.04075,9.63,7.68981,6.32495,7.97419,14.2027,2.97915,8.29308,9.56641,9.77399,6.98995,5.77173,7.11017,8.48402,4.05858,7.37472,2.51334,8.63368,8.06536,8.95223,2.85633,13.6763,6.49369,7.33608,8.4609,6.28442,7.97599,2.64374,9.98722,10.6452,8.64041,2.23459,3.10385,2.53413,Luminal B
7.71122,6.71807,8.33949,1.71285,5.95981,6.46181,2.48766,2.57606,13.5352,2.13448,6.18659,8.28763,8.80304,7.79474,9.67767,8.26212,8.5671,8.80978,3.05643,8.02742,7.12029,6.70877,6.92729,6.78877,8.80378,6.88276,10.3799,1.82096,2.21701,8.46382,5.79537,4.73048,8.07475,3.37326,2.05122,9.44395,8.55331,6.04139,7.55006,13.0598,2.97897,8.83486,10.0061,10.7412,5.39009,7.16076,6.8537,8.16749,4.06458,7.56741,2.65172,8.40553,7.81691,8.36844,2.87277,11.6359,6.12539,9.06962,7.00176,9.57421,10.832,2.65565,10.6591,10.3098,10.0393,2.32908,3.09649,2.54652,Luminal B
7.63877,7.39018,6.3075,1.70014,8.16356,7.72878,2.43721,2.55671,12.1255,3.17298,7.05861,9.08829,8.70757,10.2167,11.1984,8.69121,8.88344,8.89676,3.61648,7.81618,8.19251,8.05533,9.29715,6.09002,9.95644,8.23692,12.2649,1.80031,2.1985,8.91945,7.00157,6.22739,8.95096,3.55273,2.03461,9.62864,8.8465,4.46033,9.41486,14.2135,2.9702,8.44283,9.73175,11.1288,8.06229,7.33508,8.65855,8.47768,4.0568,6.73097,2.27002,7.79287,8.48312,8.62421,2.85093,12.7867,6.69753,8.43965,8.76744,10.6768,10.2042,2.63965,11.2647,9.51558,9.6945,2.22675,3.09964,2.52788,Luminal B
