CCT3,TOP2A,RRM2,PTTG1,LCAT,VIPR1,ESR1,FCN3,CYP2B6,NAT2,APOF,CYP1A2,FCN2,FOS,GPC3,ECM1,MT1F,CCNB1,CXCL14,PRC1,ASPM,STAB2,HAMP,Class
10.238,6.558,8.013,8.615,5.287,3.891,4.476,4.54,4.049,4.894,5.038,3.802,3.921,4.415,10.554,4.744,5.745,6.703,2.95,7.208,9.062,3.933,3.289,Cancer
9.799,5.934,6.441,8.25,3.808,4.337,3.9,5.116,4.37,3.953,4.134,6.491,3.771,6.224,10.738,5.074,6.379,6.976,3.782,6.273,7.432,3.729,7.402,Cancer
9.416,4.464,5.524,8.611,4.621,4.94,3.839,5.747,4.236,4.829,4.116,5.484,4.529,4.747,11.795,5.356,5.644,6.337,3.728,6.542,7.436,4.01,7.229,Cancer
8.026,4.09,3.339,4.888,7.344,7.391,6.165,7.955,7.85,8.912,7.486,11.513,5.803,6.764,4.967,6.955,10.249,3.484,7.279,3.637,3.674,4.735,12.155,Normal
7.908,3.439,3.442,4.856,8.629,8.263,7.676,9.175,7.786,9.649,8.307,11.937,5.649,10.107,3.391,7.606,11.767,3.579,6.876,3.529,3.804,5.91,11.868,Normal
8.343,3.539,3.583,4.928,8.506,8.258,7.486,9.028,6.715,9.47,8.297,11.422,5.581,10.247,3.688,7.437,11.632,3.456,7.162,3.714,3.762,5.547,12.201,Normal
9.796,5.097,6.467,7.716,4.254,5.048,4.925,7.968,4.417,6.033,4.549,7.344,3.735,6.769,11.347,5.565,5.993,5.244,4.494,6.054,7.699,4.091,11.161,Cancer
10.106,6.004,7.883,8.693,6.08,4.394,4.242,5.46,4.085,6.354,4.952,5.609,3.674,5.406,10.006,5.741,7.377,7.456,3.931,7.142,7.964,4.018,8.102,Cancer
9,5.345,5.996,7.945,6.785,4.22,4.578,5.922,4.759,5.328,6.537,6.466,3.508,6.34,10.808,5.44,8.581,5.703,3.019,6.406,7.603,4.102,8.878,Cancer
7.842,4.146,3.699,5.743,8.617,6.917,8.033,9.591,8.355,9.48,8.58,11.878,6.782,10.282,4,7.297,11.534,3.582,6.44,3.492,4.353,5.971,11.665,Normal
8.473,4.019,3.805,6.131,8.509,6.874,7.18,9.15,6.644,9.295,9.271,10.625,5.559,8.588,4.499,7.219,12.257,3.781,6.696,4.129,3.841,5.57,13.003,Normal
7.928,4.162,3.875,5.531,8.331,7.212,7.122,10.236,7.317,8.78,8.118,11.919,6.112,9.277,4.313,7.804,10.605,3.29,6.869,3.588,3.609,6.453,11.994,Normal
8.966,6.416,7.151,8.614,6.301,4.937,4.472,8.236,5.155,5.537,4.388,6.093,3.533,7.589,11.271,5.448,6.08,7.231,3.358,7.351,7.077,3.98,8.207,Cancer
8.382,4.067,3.413,5.655,8.04,8.622,6.839,9.659,7.086,8.585,7.447,10.932,6.004,9.481,6.713,8.254,9.782,3.66,7.359,3.454,3.685,6.069,11.969,Cancer
9.129,3.981,5.746,6.482,6.603,4.942,7.28,6.186,4.418,7.611,5.903,11.11,3.635,5.708,8.986,5.174,7.074,3.831,3.47,4.908,5.891,4.31,7.301,Cancer
7.938,3.522,3.174,5.373,8.746,8.424,7.799,9.153,7.391,10.32,8.727,11.917,5.752,10.725,3.976,8.057,11.851,3.542,7.789,3.977,3.682,6.015,11.65,Normal
10.064,4.491,5.798,7.473,5.848,4.75,4.511,7.217,4.273,3.553,5.007,5.365,4.083,4.404,11.722,5.386,5.991,4.382,4.23,4.748,7.276,4.448,8.88,Normal
7.68,3.801,3.481,5.647,8.528,7.61,7.298,9.884,8.368,8.81,8.682,12.069,6.597,8.697,4.033,7.825,11.056,3.301,7.898,3.553,3.932,5.895,11.9,Normal
8.839,3.341,3.652,5.342,7.115,6.525,5.867,5.316,5.078,9.337,7.082,4.002,3.483,7.175,4.776,5.589,11.246,3.711,2.887,3.814,3.959,3.403,10.869,Cancer
8.246,6.494,5.009,7.991,5.45,5.383,5.194,4.967,7.595,8.888,6.937,6.045,3.841,4.519,3.859,5.212,10.136,4.382,3.407,5.353,5.947,4.171,3.46,Cancer
9.127,5.386,7.445,7.872,5.404,4.832,6.229,5.33,7.281,6.765,6.577,5.192,3.855,5.698,9.776,5.324,9.993,5.035,3.034,6.411,7.804,4.03,4.886,Cancer
8.134,3.654,3.633,4.823,8.891,8.099,8.07,10.213,7.033,10.198,8.971,11.612,6.856,10.086,3.866,7.524,11.574,3.533,7.684,3.832,3.536,6.273,12.303,Normal
7.722,3.973,3.279,4.639,8.473,7.676,6.629,9.403,7.923,9.993,8.416,12.235,6.579,10.411,3.821,7.514,11.947,3.374,7.053,3.763,3.898,5.569,12.272,Normal
7.885,4.106,3.514,6.301,6.799,6.78,6.256,7.839,7.354,8.477,6.424,11.121,4.367,9.461,4.515,6.8,10.115,3.705,5.984,4.097,3.754,5.259,12.25,Normal
10.425,5.891,8.6,8.374,4.03,4.45,4.254,5.145,6.785,7.089,6.637,6.965,3.38,5.391,7.699,5.152,6.343,6.554,3.227,6.908,7.812,4.234,6.101,Cancer
9.638,5.48,7.068,7.271,4.991,4.025,3.733,5.068,3.115,5.056,5.198,4.045,3.447,4.531,11.908,4.082,8.102,5.74,3.156,6.951,7.873,3.92,3.505,Cancer
8.458,4.119,5.663,6.924,6.172,4.48,5.891,5.684,7.845,6.394,5.594,11.534,3.526,7.182,6.577,5.185,7.049,3.96,3.107,4.629,5.511,4.265,5.901,Cancer
7.909,3.223,3.214,5.095,8.812,7.054,8.025,8.892,8.813,9.358,9.846,9.899,6.991,9.545,3.88,7.166,11.982,3.22,6.774,3.801,3.787,5.783,12.248,Normal
9.94,6.355,7.072,8.234,5.284,4.129,4.137,4.634,3.517,4.211,4.142,4.964,3.203,5.528,11.551,4.527,5.778,6.703,4.078,7.127,8.941,3.491,3.849,Cancer
9.075,4.277,6.485,8.194,3.544,4.731,4.719,5.299,3.636,8.558,3.966,5.54,3.659,5.827,3.955,5.225,8.585,6.489,2.98,4.88,6.891,4.26,3.619,Cancer
9.487,6.085,8.638,8.282,3.88,4.104,4.34,4.778,4.174,5.44,5.055,5.906,3.216,5.401,11.021,4.409,5.874,6.706,3.151,6.942,8.38,3.601,3.109,Cancer
8.13,3.383,3.627,5.631,8.748,7.961,7.354,8.965,8.761,9.598,9.46,11.899,6.05,9.116,4.752,7.218,11.981,3.539,7.355,3.483,4.018,6.031,12.38,Normal
7.384,3.5,3.6,5.567,7.637,7.852,8.208,8.665,7.419,9.332,8.833,10.525,6.035,10.098,3.604,7.201,11.719,3.371,6.22,3.595,3.878,6.074,12.316,Normal
7.592,3.369,4.33,5.708,7.155,6.538,7.712,9.935,6.996,9.019,8.306,10.124,6.924,9.276,5.52,7.596,11.094,3.785,7.255,4.022,4.193,6.626,11.672,Normal
9.807,6.219,8.591,9.262,5.165,4.191,4.385,5.405,7.392,6.938,8.79,7.757,3.477,5.416,10.419,4.435,6.894,7.602,2.78,7.235,7.398,3.7,3.369,Cancer
9.692,6.956,6.847,8.215,4.431,4.319,3.931,5.425,3.723,4.028,4.746,5.68,3.441,5.384,11.903,4.848,8.74,6.495,3.111,7.327,7.644,3.581,5.351,Cancer
9.341,5.536,7.021,6.958,6.079,4.262,7.686,4.954,6.01,6.227,5.652,11.843,3.345,4.519,11.44,4.682,5.915,4.51,3.168,6.142,6.748,3.637,3.933,Cancer
7.981,3.692,3.761,5.21,7.412,7.236,6.912,8.833,7.896,9.093,8.494,11.66,5.325,9.028,6.546,7.258,9.846,3.608,6.915,3.588,4.082,6.194,12.258,Normal
7.943,3.345,3.46,5.096,8.397,7.459,7.999,9.728,7.984,9.904,9.384,11.673,5.995,8.354,3.949,7.351,11.342,3.683,6.72,3.851,3.736,5.64,11.946,Normal
7.278,3.468,3.157,5.518,8.558,7.882,7.553,8.694,8.73,9.83,9.751,11.255,5.793,9.688,4.125,7.064,11.569,3.479,6.456,3.639,3.56,5.83,10.936,Normal
7.008,4.445,4.246,5.616,7.765,7.765,8.669,9.743,7.234,8.526,7.887,12.514,6.995,9.803,3.798,6.536,11.54,3.321,5.279,4.464,4.22,5.154,11.182,Normal
6.392,5.118,3.647,4.862,7.943,7.256,8.304,8.759,9.295,9,7.462,12.245,6.382,7.761,3.363,7.067,11.445,3.602,4.572,3.711,3.937,5.545,10.318,Normal
8.534,3.697,4.014,4.927,8.358,7.411,7.247,10.454,7.204,9.759,10.283,11.914,8.525,9.647,4.096,7.543,12.161,3.387,6.766,3.279,3.475,6.465,12.661,Normal
8.129,3.671,4.105,5.39,9.085,7.007,7.691,7.405,8.922,10.019,9.713,12.146,4.429,9.038,4.044,6.941,11.805,3.433,5.788,3.363,3.678,5.02,12.607,Normal
8.133,3.213,3.563,5.019,7.841,8.42,6.804,9.42,7.772,8.488,9.943,11.696,9.061,11.214,4.625,8.673,11.504,3.461,7.636,3.791,2.996,7.943,12.847,Normal
8.205,3.448,4.502,4.892,8.846,7.482,7.777,7.797,7.72,9.858,9.222,12.613,5.89,10.149,4.095,7.201,11.835,3.316,6.905,3.45,3.271,5.177,12.535,Normal
8.198,3.3,3.372,4.947,8.325,7.89,7.359,10.294,7.736,9.604,8.851,12.134,8.357,11.113,4.682,8.387,12.003,3.54,7.827,3.427,3.117,6.43,12.539,Normal
7.994,3.797,3.986,5.292,8.682,7.464,7.724,10.109,8.64,9.202,9.524,12.18,7.45,9.769,4.361,8.094,11.65,3.631,7.547,3.472,3.738,6.825,11.522,Normal
8.205,3.675,4.597,5.573,8.905,7.53,7.97,9.48,9.276,9.617,9.744,11.398,6.478,10.575,5.133,7.829,11.831,3.323,7.677,3.933,3.765,6.101,8.312,Normal
8.419,4.324,4.574,5.499,8.027,8.487,7.158,8.93,6.664,8.562,8.942,11.95,7.798,8.956,7.142,7.978,11.405,3.705,7.367,4.11,4.066,6.479,12.489,Normal
8.751,7.202,6.371,7.11,7.297,4.098,5.293,7.875,5.589,5.998,7,9.82,4.454,8.206,10.531,6.46,10.389,5.26,4.098,6.464,4.824,4.578,10.122,Cancer
9.438,9.184,8.636,9.834,5.263,4.042,5.298,6.268,4.702,5.997,5.562,10.156,3.483,7.351,7.818,5.849,8.571,7.847,4.11,7.275,8.123,3.788,10.857,Cancer
8.782,4.588,5.517,5.721,6.259,3.826,5.839,7.477,6.056,5.499,4.992,10.101,3.903,6.909,4.109,5.576,9.759,4.175,4.621,4.436,3.879,3.861,10.971,Cancer
9.68,7.448,7.171,7.408,5.122,3.656,4.18,5.561,3.608,4.58,5.492,7.626,3.259,7.815,9.688,5.085,8.316,6.702,3.492,7.089,4.8,3.539,5.65,Cancer
9.09,3.466,4.17,6.347,6.567,4.342,5.389,5.686,5.449,8.263,6.216,8.54,3.525,7.837,4.149,4.883,5.774,3.646,2.787,4.453,3.632,3.624,5.372,Cancer
9.479,7.903,6.777,8.477,5.201,4.181,3.287,5.267,4.821,3.898,5.273,5.505,3.378,6.607,10.844,5.285,6.944,7.374,3.555,6.723,6.653,3.735,8.348,Cancer
9.875,5.379,7.327,7.23,6.206,3.706,4.534,5.234,5.097,6.107,4.081,6.059,3.178,5.616,11.171,4.565,5.755,5.67,3.02,5.851,6.572,3.639,5.081,Cancer
9.891,6.023,6.258,7.342,4.092,3.858,3.688,5.273,4.84,3.474,3.505,4.669,3.326,5.568,12.105,5.111,5.323,5.018,3.25,6.015,6.632,4.047,7.204,Cancer
8.785,3.729,4.448,5.77,6.699,3.775,5.434,5.664,3.711,7.546,5.876,11.642,3.168,5.142,4.561,4.517,8.571,4.093,2.907,4.217,3.949,4.194,9.73,Cancer
10.049,8.046,8.252,9.173,5.643,3.777,4.205,7.313,4.582,4.788,6.821,6.84,3.704,8.73,10.514,6.141,9.431,7.586,3.813,7.825,8.387,4.165,9.649,Cancer
8.22,3.643,3.788,4.843,8.613,7.176,7.664,9.734,9.048,8.965,9.449,11.167,7.298,9.39,5.037,7.601,11.178,3.543,5.447,3.776,3.162,6.378,11.342,Normal
8.053,3.49,4.078,4.841,8.506,6.75,7.228,8.725,7.919,9.353,9.242,11.885,5.948,10.647,5.201,7.693,11.666,3.313,6.296,4.006,3.875,5.351,12.867,Normal
8.133,3.804,4.447,4.413,8.979,7.782,7.721,9.282,9.023,9.97,9.65,12.363,5.847,9.744,4.024,7.99,11.783,3.231,7.373,3.789,3.495,6.826,12.335,Normal
8.161,3.859,4.718,5.227,9.075,7.977,8.323,7.461,8.858,9.836,9.435,12.836,4.539,10.096,4.297,8.259,11.673,3.063,7.235,3.664,3.54,5.202,5.125,Normal
7.927,4.162,4.704,5.069,8.694,6.59,7.489,9.441,8.198,10.077,9.069,12.272,6.668,10.308,4.105,7.832,10.951,3.188,5.839,3.642,4.28,5.08,12.475,Normal
8.16,5.289,4.792,6.505,8.737,6.985,5.834,6.634,7.965,9.438,8.07,11.733,4.261,9.672,8.692,6.698,12.143,3.375,5.182,4.873,4.278,5.607,11.982,Normal
8.22,3.795,5.459,4.641,8.329,7.681,7.669,9.869,8.178,9.315,9.071,11.507,6.88,9.924,5.936,7.984,10.179,3.468,7.803,4.076,4.111,5.927,12.23,Normal
8.223,3.78,3.526,4.442,8.891,7.031,7.52,9.689,9.518,9.942,9.525,12.044,6.982,8.342,3.939,7.741,11.701,3.273,6.807,3.838,3.648,6.901,11.799,Normal
7.771,3.425,4.174,5.107,8.768,8.482,6.934,10.495,9.334,9.808,9.571,12.134,8.462,10.918,5.146,8.658,11.951,3.45,8.105,4.031,3.099,7.735,12.399,Normal
8.259,3.823,4.236,5.762,8.656,6.25,7.189,10.712,8.682,9.358,10.575,11.13,7.98,10.487,4.295,8.021,12.223,3.597,6.109,3.677,3.622,6.858,12.22,Normal
8.479,3.92,4.917,5.403,7.513,6.338,6.616,8.467,7.829,8.196,8.34,10.478,4.81,9.395,8.174,7.088,7.637,3.692,7.3,3.805,4.025,5.345,12.282,Normal
9.463,4.25,7.643,7.866,6.381,5.236,5.34,7.127,5.569,6.599,7.191,8.851,4.019,9.188,9.9,6.929,8.626,5.444,3.832,6.408,6.016,4.879,9.647,Cancer
10.212,8.667,8.043,8.906,4.794,3.773,3.956,5.54,3.557,4.259,3.83,4.027,3.345,5.785,11.58,5.341,5.145,6.892,3.333,7.598,7.907,3.524,4.791,Cancer
9.434,8.143,8.682,9.947,5.063,3.322,4.834,5.468,4.166,4.041,4.255,3.923,3.282,5.369,10.591,5.021,4.195,7.145,3.125,7.259,8.016,3.866,5.099,Cancer
9.834,7.374,8.873,9.11,4.825,3.65,4.052,5.528,7.096,3.515,4.264,4.691,3.573,5.619,11.823,5.199,9.373,7.445,3.181,6.79,7.775,3.964,7.197,Cancer
9.811,7.967,9.742,8.715,5.231,3.659,3.943,5.169,2.986,3.468,5.098,5.601,3.139,6.005,11.273,4.865,9.548,6.429,3.063,6.119,7.055,3.862,5.607,Cancer
10.071,6.476,7.632,7.376,4.761,4.209,3.793,6.233,4.119,4.914,8.184,4.745,3.173,9.114,11.676,4.838,4.854,5.079,3.359,5.421,6.799,3.765,5.282,Cancer
8.901,4.035,4.985,5.94,7.462,4.988,4.841,8.444,7.344,6.127,7.164,6.313,3.831,6.017,8.813,6.729,9.62,3.798,3.553,4.068,4.373,5.058,10.008,Cancer
9.529,8.202,8.176,8.366,4.745,3.822,3.527,5.521,5.641,3.997,5.443,4.179,3.622,6.024,4.726,4.824,10.124,5.08,2.914,7.047,7.077,3.764,5.802,Cancer
9.214,7.963,9.392,8.983,3.772,3.74,3.465,5.866,5.912,3.754,5.539,4.388,3.238,6.466,11.835,4.722,9.713,7.963,3.151,8.045,7.703,3.857,7.452,Cancer
9.39,7.414,9.363,8.792,4.058,3.702,3.913,5.178,5.859,5.207,5.593,4.089,2.875,6.904,9.525,4.361,4.905,6.205,2.635,7.458,7.253,3.595,5.668,Cancer
9.515,6.676,5.662,7.992,5.462,5.048,5.103,6.17,7.117,8.255,6.522,9.374,3.529,4.498,10.006,4.766,6.657,6.63,2.893,5.826,7.61,4.036,6.073,Cancer
6.994,3.88,5.727,4.897,8.524,6.15,7.708,9.281,8.412,9.896,9.245,11.983,5.185,10.065,4.165,7.418,11.848,3.589,4.749,4.121,3.927,5.488,11.779,Normal
8.195,4.448,5.872,5.522,5.586,4.829,5.336,5.804,4.856,5.518,6.235,7.364,4.492,11.531,5.581,6.947,10.145,3.959,6.696,4.702,3.672,4.096,10.208,Normal
7.718,3.825,4.031,4.219,8.781,5.988,6.88,10.064,8.574,8.763,9.652,12.033,6.878,10.296,3.962,7.542,11.867,3.244,7.528,3.738,3.24,6.28,12.674,Normal
8.263,3.532,4.401,5.022,8.041,8.192,7.428,9.723,6.989,7.505,7.856,11.814,8.081,10.998,6.083,8.193,11.416,3.464,6.856,3.98,3.046,6.483,12.729,Normal
8.074,3.819,4.409,4.834,8.297,6.947,7.583,9.384,7.521,9.368,9.168,11.899,5.004,9.458,4.812,7.804,11.487,3.643,6.412,3.735,3.999,5.358,12.227,Normal
6.342,5.077,5.434,4.58,5.699,4.246,7.49,5.994,7.587,5.507,5.685,13.071,5.87,5.2,4.515,6.213,10.616,3.73,3.379,3.611,4.196,4.806,6.752,Normal
7.523,3.525,4.772,5.274,8.649,6.936,7.414,9.909,8.669,8.638,8.558,11.575,7.188,8.675,5.519,7.565,11.243,3.739,7.212,3.3,3.413,6.053,12.517,Normal
8.001,3.673,4.3,4.97,9.043,6.055,8.128,7.948,9.41,9.382,9.444,12.51,5.771,8.889,3.794,7.085,11.929,3.324,5.897,3.449,3.73,5.02,12.682,Normal
10.013,6.762,8.102,8.074,4.024,3.297,4.478,5.199,4.586,3.956,6.133,4.496,3.237,4.769,11.413,4.494,7.784,7.52,2.881,7.99,8.262,3.334,4.634,Cancer
9.07,7.901,7.718,7.811,5.915,4.05,6.677,6.905,5.135,7.141,5.033,10.699,3.403,9.254,13.19,5.209,5.988,6.847,3.705,6.999,8.039,4.144,8.104,Cancer
10.526,7.825,5.411,7.933,5.411,3.856,3.664,5.281,4.529,4.337,5.028,4.065,3.832,4.629,11.973,6.315,5.287,6.594,3.33,5.601,5.58,3.067,5.085,Cancer
8.435,4.383,8.924,8.526,4.176,3.79,5.71,5.349,4.455,4.399,5.146,3.942,4.178,5.589,10.3,5.003,6.698,6.603,3.269,6.68,7.466,3.965,4.627,Cancer
10.097,8.819,8.707,9.935,4.133,3.693,4.355,5.532,3.255,4.401,4.227,4.721,3.665,6.468,6.583,4.604,5.72,7.434,3.178,7.707,8.475,3.821,4.531,Cancer
9.094,8.406,8.448,8.224,5.594,4.589,5.427,5.436,5.646,5.036,5.808,7.477,3.357,6.926,10.791,5.101,7.237,6.683,3.53,7.2,7.408,4.314,9.565,Cancer
8.389,3.439,3.491,5.936,3.758,4.242,6.51,7.689,3.196,3.966,3.82,4.711,3.36,11.03,4.107,4.715,4.893,4.155,2.717,3.859,3.163,3.985,3.91,Cancer
9.586,4.404,4.987,5.849,4.894,4.513,4.726,5.694,6.846,4.041,4.024,5.134,3.727,9.449,11.025,5.915,4.949,3.691,3.728,4.776,3.1,4.129,4.415,Cancer
10.016,8.418,8.34,8.899,4.813,3.613,3.463,5.2,4.082,3.676,3.751,4.862,3.243,5.456,11.94,4.693,8.365,7.009,3.19,6.941,6.467,3.31,4.254,Cancer
9.951,5.372,6.572,6.436,5.685,3.456,6.691,5.477,6.069,6.107,3.618,8.323,3.095,8.903,11.288,4.211,9.742,4.568,2.894,5.245,6.982,3.798,5.097,Cancer
6.904,3.822,6.366,4.798,7.708,4.93,6.968,9.693,8.401,8.791,9.335,11.64,5.666,9.518,4.338,6.218,11.854,3.673,6.737,3.796,3.399,4.952,12.178,Normal
8.089,3.363,4.296,4.715,8.48,7.891,7.686,10.257,8.045,9.498,10.03,12.03,7.436,10.054,4.029,7.936,11.847,3.407,7.247,3.618,3.524,6.36,13.003,Normal
8.06,4.274,4.54,4.725,8.644,7.761,7.664,9.77,8.091,9.908,9.327,11.66,6.669,11.283,4.407,8.156,11.702,3.779,5.384,4.007,3.852,5.829,12.354,Normal
8.424,3.529,4.387,5.225,8.842,7.158,7.619,8.76,8.342,9.444,8.738,11.688,5.494,10.327,4.455,8.244,11.997,3.661,6.707,4.25,3.82,5.986,11.988,Normal
8.185,3.549,4.361,4.754,8.773,7.252,8.059,10.296,8.999,9.644,8.934,11.519,7.699,8.784,4.352,8.206,11.711,3.404,6.637,3.628,4.015,5.971,11.789,Normal
6.851,4.063,5.617,4.988,8.596,5.472,6.9,8.751,7.956,6.301,8.45,11.532,5.736,9.465,4.324,7.66,11.723,3.463,4.668,4.092,3.62,4.966,12.508,Normal
8.059,3.729,4.415,4.946,9.198,6.521,7.81,9.651,8.22,10.129,9.8,11.598,7.431,10.413,4.489,8.014,11.475,3.236,6.428,3.811,3.848,4.714,11.841,Normal
8.194,3.789,4.039,4.566,8.794,7.477,8.292,8.339,9.049,9.783,9.372,12.302,6.639,11.79,4.579,8.488,11.4,3.372,7.38,3.38,3.829,6.483,12.244,Normal
7.961,3.814,4.479,4.293,8.584,7.082,7.723,7.495,9.57,8.907,8.391,10.037,6.313,10.077,4.264,8.419,10.085,3.325,6.913,3.458,3.445,6.545,12.768,Normal
8.516,4.382,4.361,5.578,8.236,7.018,7.112,9.561,7.711,9.433,9.119,11.329,7.905,10.116,7.578,8.185,11.342,3.617,6.217,3.534,3.841,6.268,12.511,Normal
7.949,3.486,3.853,5.14,8.445,7.356,7.658,10.221,9.371,8.797,9.203,11.929,6.004,9.26,4.731,8.185,10.846,3.401,7.663,3.919,3.52,6.755,11.847,Normal
10.931,7.699,6.414,8.395,3.817,3.704,3.865,5.31,3.376,4.498,4.002,4.205,3.194,5.879,10.779,4.886,5.843,7.031,3.199,6.456,6.939,3.462,7.587,Cancer
10.255,8.387,8.232,9.205,4.212,3.29,3.748,5.867,3.582,4.065,3.855,4.698,3.288,7.805,10.089,4.413,4.985,7.62,3.203,8.036,6.932,3.618,5.439,Cancer
9.509,5.664,6.494,7.418,5.447,3.653,3.736,5.305,4.996,4.382,4.732,5.485,3.3,4.23,10.767,4.68,4.858,5.903,3.035,6.082,5.172,3.661,3.863,Cancer
9.529,7.823,7.593,8.958,6.017,3.995,5.104,5.272,6.023,4.045,7.874,4.598,3.028,5.775,10.972,5.078,6.594,7.143,3.164,7.363,7.792,3.397,4.563,Cancer
9.93,6.612,7.261,7,4.45,3.387,5.427,5.452,6.029,4.121,4.527,4.362,3.327,4.201,11.82,4.958,12.529,4.569,3.407,5.063,5.008,4.249,5.193,Cancer
10.105,5.752,4.96,6.819,6.04,3.853,3.948,5.738,5.15,5.44,5.997,12.514,3.35,6.883,9.872,5.316,7.084,4.325,5.191,5.025,5.561,3.586,10.274,Cancer
9.632,6.419,6.55,8.049,6.222,5.866,6.55,7.983,7.439,8.101,8.442,11.424,5.015,9.482,9.638,6.832,9.072,6.833,6.194,6.403,7.515,4.522,10.02,Cancer
9.644,6.223,6.276,5.433,3.859,3.583,3.873,5.062,4.586,3.552,4.794,4.827,3.735,4.927,11.653,4.855,5.407,3.992,3.556,5.01,5.4,3.786,4.7,Cancer
10.393,7.984,7.941,8.54,6.446,3.853,3.925,5.67,3.25,3.882,4.634,4.302,3.418,4.767,12.394,4.958,6.571,7.345,3.143,7.184,7.915,3.379,6.281,Cancer
9.893,7.513,7.361,8.544,5.236,3.785,6.231,5.113,4.308,7.757,4.642,13.314,3.284,7.96,12.248,4.813,5.543,7.152,2.945,6.575,8.432,3.743,4.686,Cancer
10.749,7.601,6.995,7.858,4.185,4.297,3.523,5.028,3.096,3.681,4.616,5.036,3.364,4.265,12.055,5.299,4.786,5.973,3.17,6.202,7.435,3.764,5.724,Cancer
8.955,8.433,7.73,8.459,4.586,4.469,4.059,4.957,6.2,4.24,4.234,4.731,3.564,6.604,10.385,4.997,7.802,6.979,2.971,6.313,6.197,3.495,8.203,Cancer
8.943,9.126,5.507,7.96,4.017,5.277,3.426,5.715,3.782,4.215,4.434,4.572,4.051,5.335,7.297,5.336,7.163,5.824,3.398,7.601,7.485,3.941,6.316,Cancer
9.611,5.956,7.068,7.516,3.941,5.178,4.497,6.417,4.299,4.878,5.566,7.022,3.409,4.313,11.257,5.184,5.782,5.883,3.016,5.261,6.308,4.372,6.791,Cancer
10.047,8.188,6.289,7.953,4.534,4.306,3.542,6.408,3.877,4.325,4.285,8.506,3.294,4.423,10.016,5.18,8.054,6.401,3.964,6.31,6.844,3.891,9.206,Cancer
9.086,4.06,4.269,6.137,4.125,4.114,5.668,4.987,4.57,8.001,7.858,6.984,3.539,6.185,5.416,4.929,7.112,4.287,3.124,4.044,4.098,3.721,6.204,Cancer
10.875,8.064,6.951,8.164,4.46,4.259,3.644,5.025,5.349,3.52,3.606,4.45,3.354,4.705,11.695,4.845,4.945,7.062,2.991,6.012,7.553,3.838,6.258,Cancer
10.129,7.485,8.839,8.369,5.24,4.113,4.751,5.123,4.082,4.366,8.76,6.345,3.348,4.797,11.173,5.213,9.681,7.281,2.544,7.021,7.746,4.045,5.03,Cancer
9.119,7.19,4.715,5.906,5.064,3.956,4.407,5.588,4.561,4.373,6.325,6.711,3.529,4.726,11.906,5.012,5.193,5.997,3.938,4.399,5.853,3.737,5.569,Cancer
8.077,4.65,5.13,6.703,5.401,3.738,4.103,5.61,3.696,4.335,3.897,10.348,3.242,11.433,7.571,8.644,7.485,6.24,4.94,5.123,4.927,4,5.08,Normal
8.204,3.955,4.94,5.573,8.092,6.556,6.973,7.591,7.651,8.838,8.867,11.696,4.217,9.672,8.27,6.777,10.434,3.718,6.203,3.753,3.872,4.977,11.426,Normal
8.223,4.446,4.473,5.13,8.393,6.763,7.627,8.697,8.483,9.363,7.719,12.604,5.516,9.866,5.338,7.61,10.929,3.783,6.379,4.153,3.803,5.59,12.533,Normal
8.2,4.152,4.923,5.992,7.668,6.73,7.59,9.535,7.092,8.206,9.183,10.524,8.356,9.378,4.491,8.07,11.552,3.831,7.544,4.281,3.499,6.54,7.698,Normal
7.933,4.079,3.703,5.354,8.318,6.415,6.491,8.621,8.969,7.213,8.971,11.981,6.779,10.395,4.251,6.727,12.21,3.492,6.402,3.894,3.253,6.225,11.907,Normal
7.921,3.647,3.042,5.389,8.503,7.439,7.059,9.54,8.396,9.594,9.344,12.449,7.129,9.086,3.61,7.537,11.446,3.658,7.231,3.42,3.624,6.237,12.25,Normal
7.877,3.722,3.035,5.052,8.424,7.505,7.18,9.246,9.019,9.52,9.14,12.232,6.492,7.634,4.405,7.347,12.224,3.484,7.221,3.547,3.072,6.528,12.487,Normal
8.037,3.428,3.886,5.656,7.683,7.922,6.064,9.246,8.653,8.037,8.893,11.429,7.511,9.639,5.159,7.947,10.436,3.671,7.902,4.27,3.647,6.266,12.384,Normal
8.341,3.749,4.216,5.615,8.088,7.734,6.559,9.629,7.64,9.846,9.681,11.86,6.542,10.171,5.971,7.736,10.77,3.741,7.038,3.635,3.851,5.931,9.184,Normal
8.308,3.695,3.277,5.149,8.377,7.734,7.243,9.416,7.943,9.783,9.757,12.56,7.705,10.19,4.453,7.94,11.699,3.527,7.831,3.65,3.238,6.241,12.404,Normal
9.74,4.703,5.628,7.199,4.545,3.935,4.303,5.433,4.612,4.7,6.359,4.947,3.684,4.53,11.995,5.02,5.23,6.508,3.737,4.061,5.928,3.833,6.62,Cancer
8.796,5.557,6.831,7.272,6.424,3.554,4.892,8.127,4.934,4.705,7.067,9.922,4.13,6.339,5.163,5.708,9.655,7.444,8.849,6.508,5.131,4.644,11.902,Cancer
9.62,8.636,7.437,7.942,3.684,4.541,3.366,5.724,2.928,7.644,3.28,5.219,3.202,5.421,10.183,5.106,5.411,5.925,3.067,6.671,7.051,3.59,3.515,Cancer
9.763,6.976,6.373,8.329,6.34,4.806,3.308,5.48,2.831,3.37,3.758,6.43,3.565,4.695,12.114,5.054,9.487,5.866,3.367,5.819,6.44,3.414,4.227,Cancer
9.218,6.196,5.225,7.121,4.691,4.654,4.089,5.476,4.152,7.481,7.488,9.676,3.56,4.385,9.885,4.968,6.726,5.384,3.178,4.673,6.289,3.923,3.79,Cancer
8.499,4.818,3.771,6.409,7.977,6.561,7.118,8.992,7.769,8.007,7.801,11.124,5.209,8.703,5.036,7.105,9.651,3.852,7.464,3.846,3.595,5.166,10.75,Normal
9.564,5.026,3.746,6.115,5.271,5.196,4.783,6.63,7.381,5.233,5.353,11.194,3.683,4.955,4.26,5.256,9.869,4.142,3.206,4.239,3.808,4.259,9.847,Cancer
10.073,8.312,8.016,9.247,4.337,4.132,3.228,5.546,3.857,4.55,4.035,4.856,3.587,5.586,7.131,5.047,7.246,8.238,3.189,7.207,8.522,4.019,4.771,Cancer
10.342,7.337,6.915,8.444,5.511,3.672,3.731,5.299,3.783,4.986,3.847,4.671,3.505,4.825,11.832,4.993,6.045,6.684,2.921,6.436,7.631,4.102,3.976,Cancer
8.805,7.139,7.208,7.458,6.374,4.804,3.458,6.336,3.975,3.661,4.449,4.845,3.51,5.35,11.358,5.288,11.244,4.823,2.907,5.742,5.888,4.311,5.06,Cancer
9.249,5.03,6.586,6.861,6.831,6.065,7.071,7.241,7.994,8.29,9.697,10.015,4.136,8.778,9.642,6.005,10.159,5.547,5.302,4.831,5.585,4.471,9.047,Cancer
9.063,7.345,7.236,8.446,3.953,4.34,3.821,5.313,2.932,4.794,4.094,6.835,3.605,4.205,10.841,5.256,7.377,6.552,3.526,6.799,6.616,4.025,3.96,Cancer
7.643,3.648,3.863,5.47,8.66,5.405,6.848,6.828,7.79,8.307,9.043,12.348,4.564,5.852,4.605,6.203,11.655,4.268,4.198,3.589,3.878,5.595,12.345,Normal
8.384,3.392,4.679,5.597,8.794,4.615,7.257,9.642,7.479,9.389,9.755,12.827,6.067,10.035,4.859,7.424,11.669,4.144,7.063,3.806,4.109,5.587,12.941,Normal
8.111,4.122,4.714,5.572,8.459,6.859,8.104,9.478,8.485,9.523,9.784,11.925,6.929,8.721,4.846,7.837,11.707,3.84,7.043,4.039,3.603,6.464,12.351,Normal
8.005,3.548,3.219,5.15,8.154,7.848,6.585,9.194,9.409,8.977,9.652,12.249,7.004,9.006,4.275,7.505,12.601,3.2,6.964,3.784,3.186,6.718,13.124,Normal
7.914,3.745,3.447,5.415,8.771,7.654,7.109,8.045,8.785,9.29,9.825,13.23,6.168,7.953,3.871,7.122,10.088,3.648,6.737,3.629,3.256,5.912,12.718,Normal
9.402,6.682,7.484,7.631,5.712,4.486,4.098,5.795,6.206,5.252,4.685,8.397,3.713,5.914,11.616,4.972,5.943,6.326,6.305,5.314,5.622,3.779,7.183,Normal
8.213,3.834,3.517,5.667,8.318,7.447,7.822,9.2,8.313,9.626,9.665,12.77,6.463,9.62,4.012,7.662,11.656,3.52,7.687,3.589,3.901,6.046,12.198,Normal
8.033,3.535,3.154,5.17,8.032,6.939,6.379,8.798,8.23,9.253,9.872,12.532,6.377,10.09,5.074,7.695,10.155,3.481,5.669,4.056,3.021,6.078,12.222,Normal
8.193,3.788,3.912,5.18,8.448,7.333,7.521,8.997,8.518,9.333,9.035,11.959,5.229,9.369,5.91,7.794,10.392,3.592,7.647,3.633,3.287,5.786,11.922,Normal
8.392,3.666,3.677,5.375,7.928,6.643,7.977,8.917,8.247,9.419,9.137,12.106,5.831,8.904,5.416,7.462,11.256,3.529,7.082,3.5,3.616,5.761,11.996,Normal
7.366,3.839,3.226,4.392,7.375,6.334,6.784,7.82,8.605,7.946,8.711,11.621,4.328,8.337,5.767,7.355,11.325,4.084,7.006,3.627,3.548,4.436,11.932,Normal
9.699,6.847,5.93,7.48,4.679,3.768,4.601,4.242,3.256,3.943,5.043,5.109,3.908,6.305,10.258,5.471,7.048,5.786,3.554,5.51,6.238,4.148,5.523,Cancer
9.726,4.413,8.611,7.718,6.997,3.935,5.53,6.787,4.713,4.577,5.585,4.804,4.02,5.791,8.048,5.558,6.009,4.952,3.653,5.871,5.623,4.65,8.573,Cancer
8.692,7.572,8.513,9.051,3.983,3.828,3.497,4.585,5.644,4.387,5.619,5.138,3.647,4.542,10.525,5.088,7.826,6.559,2.975,7.384,6.998,4.138,3.524,Cancer
8.518,4.837,5.525,6.89,7.338,4.982,5.176,8.015,6.554,7.304,8.165,10.628,4.607,6.743,8.26,5.232,6.564,4.447,3.575,4.622,4.784,4.668,7.267,Cancer
9.704,7.056,7.116,7.902,6.302,4.031,3.984,5.974,5.007,3.856,6.109,6.137,3.752,5.323,11.5,5.183,7.08,6.117,3.274,6.57,7.122,4.202,8.266,Cancer
9.578,8.556,5.872,7.586,5.105,4.256,3.419,5.201,3.136,3.849,7.904,4.718,4.153,4.906,9.489,4.759,5.402,4.941,2.915,5.815,6.455,3.942,3.353,Cancer
10.066,8.518,8.06,9.198,3.713,4.179,3.407,4.777,3.426,3.667,4.306,4.728,3.396,4.397,6.535,4.937,7.498,7.283,2.845,7.472,8.766,3.899,4.031,Cancer
9.706,7.366,6.223,7.558,4.101,4.14,3.735,4.828,4.686,3.77,5.22,9.192,3.701,5.188,10.196,4.728,7.398,4.451,2.821,6.266,6.301,3.898,3.157,Cancer
10.804,8.699,8.411,9.62,5.268,4.077,3.715,6.303,4.369,4.54,5.725,5.713,3.517,4.015,10.81,5.333,6.526,8.491,3.276,7.898,8.95,4.096,11.021,Cancer
9.303,5.923,6.445,6.411,4.335,4.214,4.224,5.22,4.294,6.19,4.292,10.661,3.276,4.574,8.95,4.955,6.755,3.591,2.99,5.404,6.958,4.275,5.104,Cancer
7.98,3.898,3.655,5.526,8.454,7.595,7.385,10.31,8.954,9.503,9.488,11.726,7.927,9.383,4.466,8.398,11.079,4.246,8.036,3.301,3.979,6.958,12.37,Normal
8.001,3.61,3.533,5.252,8.538,7.518,7.73,9.496,9.852,9.536,9.481,12.374,6.974,8.834,4.666,7.689,11.776,3.751,7.387,3.722,3.513,5.63,12.637,Normal
7.705,4.44,3.748,5.932,8.295,7.733,7.186,9.483,8.687,8.948,9.025,12.697,5.855,10.46,4.359,7.099,11.792,4.121,7.694,3.584,3.25,6.615,12.601,Normal
7.789,3.752,4.382,5.14,8.468,7.101,7.101,8.502,9.598,9.147,8.593,12.927,7.02,5.745,4.519,7.129,11.526,4.098,7.413,3.698,4.221,5.716,12.224,Normal
7.941,3.692,3.691,5.848,7.683,6.225,7.222,9.456,6.178,8.281,9.078,12.537,8.279,8.015,4,7.073,11.086,3.261,8.088,4.054,3.91,6.254,12.363,Normal
8.191,3.829,3.615,5.383,8.645,7.674,7.203,9.772,9.493,9.618,10.639,12.385,8.129,8.496,4.368,8.036,11.927,3.618,7.545,3.662,3.14,6.678,11.915,Normal
8.219,4.464,4.303,5.904,8.027,6.202,6.726,10.815,8.983,8.776,10.064,10.946,8.149,6.263,4.631,7.499,12.117,3.679,6.156,3.975,3.771,6.99,12.94,Normal
7.581,3.638,3.639,5.209,8.26,7.621,7.615,8.81,9.207,9.319,8.913,12.79,4.753,11.035,4.326,7.249,11.018,3.545,7.383,3.626,3.638,5.366,12.506,Normal
7.893,3.714,4.322,5.493,7.999,7.192,7.766,9.694,7.627,9.12,9.582,11.399,7.3,10.453,5.324,7.698,10.281,3.577,7.714,3.858,3.933,6.425,12.031,Normal
8.291,3.505,3.544,5.59,8.227,7.073,6.911,9.781,8.645,9.3,10.182,11.246,7.798,10.195,4.471,7.61,12.406,3.43,5.654,3.37,3.614,6.248,11.64,Normal
7.273,4.706,3.371,4.089,7.781,6.7,6.337,9.396,8.79,9.16,9.214,12.769,3.753,5.047,4.163,6.38,11.921,4.413,5.186,3.769,3.989,3.599,12.403,Normal
9.501,6.792,6.436,7.682,4.859,4.727,4,5.629,2.888,6.536,4.974,5.764,3.428,5.643,10.813,5.062,6.149,5.673,3.365,5.666,6.654,3.957,5.02,Cancer
9.606,7.181,8.034,8.73,6.254,4.212,4.99,7.061,6.225,4.839,5.401,8.604,3.8,8.749,10.255,5.602,8.612,7.363,4.993,6.229,8.628,4.848,9.266,Cancer
9.996,6.952,7.152,7.413,5.876,4.527,5.082,5.231,5.065,6,4.237,5.312,3.435,6.425,10.463,4.94,6.356,6.022,3.208,5.816,6.333,3.485,4.87,Cancer
10.164,9.257,8.248,9.496,4.439,3.995,4.339,4.801,3.814,3.948,4.489,5.882,3.343,4.544,6.822,4.917,5.509,7.355,3.382,7.027,8.674,3.966,3.554,Cancer
9.359,9.182,7.7,8.077,5.191,3.703,4.183,5.388,3.309,4.609,4.081,6.115,3.294,4.528,11.085,4.926,6.854,5.271,3.396,5.973,7.491,4.129,7.15,Cancer
10.077,8.055,7.815,7.799,4.713,3.934,4.112,5.104,6.389,4.147,4.027,5.163,3.635,5.186,12.493,4.731,6.472,7.202,2.796,7.433,7.256,4.058,4.733,Cancer
9.73,8.22,6.591,8.158,6.657,4.101,3.876,4.822,4.16,4.08,7.233,5.423,3.666,4.056,12.185,4.573,7.77,6.854,3.119,6.445,7.639,4.426,6.274,Cancer
8.99,9.632,8.012,8.731,5.621,4.037,8.034,5.172,8.101,6.323,5.483,5.963,3.425,4.943,10.663,4.928,7.026,7.274,2.841,8.463,6.603,4.232,4.823,Cancer
10.081,8.784,8.767,9.386,3.894,4.23,3.298,4.947,3.223,3.554,3.976,5.053,3.343,7.701,4.502,5.003,7.674,7.836,2.999,7.098,6.903,3.832,5.975,Cancer
9.225,9.322,8.513,9.567,5.356,4.138,4.005,5.235,3.379,4.795,3.887,4.985,3.343,3.819,12.027,4.858,8.918,7.992,3.057,7.886,8.189,4.263,4.44,Cancer
10.092,6.428,7.752,7.389,4.726,3.809,4.17,5.281,3.939,3.52,5.667,8.558,3.349,3.952,11.949,5.335,5.671,5.922,3.1,7.592,6.754,4.186,6.151,Cancer
8.307,3.963,3.467,5.749,8.063,6.731,6.908,8.499,9.156,8.189,8.764,11.581,5.584,9.551,4.847,7.022,11.457,3.285,5.966,3.899,3.635,5.039,11.829,Normal
7.888,3.423,3.422,5.19,8.582,5.644,7.483,7.817,10.002,9.241,9.487,11.916,4.259,8.674,4.53,6.184,11.947,3.425,4.669,3.569,3.382,4.613,11.699,Normal
7.76,4.041,3.909,5.557,8.934,7.366,7.197,9.775,8.14,8.609,8.697,11.913,7.073,10.794,4.304,7.808,12.105,3.74,7.016,4.609,3.463,6.358,12.601,Normal
8.061,3.891,3.888,4.944,8.069,7.545,7.173,10.347,8.902,10.02,9.163,12.247,6.278,10.849,5.174,7.648,10.793,3.44,7.357,3.701,3.366,6.254,11.991,Normal
7.968,5.321,5.522,6.664,8.442,7.604,7.393,7.685,8.963,9.216,9.369,12.478,4.613,9.917,4.726,7.408,11.6,4.643,7.538,4.407,4.72,5.692,11.62,Normal
8.141,3.469,3.586,5.57,8.406,7.212,7.385,9.562,8.594,9.191,9.417,12.593,7.589,10.099,4.525,7.786,11.874,3.421,8.03,3.482,3.27,6.189,12.019,Normal
7.586,3.951,3.612,4.994,8.208,7.857,6.529,9.654,8.936,7.81,8.485,11.923,6.054,10.241,6.323,7.503,10.462,3.707,7.79,4.169,3.919,5.769,12.511,Normal
7.691,3.487,3.846,5.74,8.459,6.946,7.778,9.473,9.994,9.491,9.554,12.539,5.784,10.653,3.654,7.617,11.93,3.834,6.856,3.745,3.227,6.409,11.093,Normal
8.199,3.766,3.827,5.637,8.217,7.741,6.66,8.762,8.559,9.485,9.53,11.84,6.194,9.83,4.728,6.961,10.808,3.318,6.48,3.251,3.446,5.893,4.83,Normal
8.089,3.896,3.708,5.665,8.257,6.92,7.952,9.043,8.456,9.074,8.179,10.713,5.302,5.657,6.457,7.622,9.872,3.506,7.872,3.79,4.25,6.273,11.836,Normal
7.942,3.946,3.46,5.658,8.282,7.535,6.55,9.55,8.043,8.18,9.41,11.573,6.676,10.242,6.588,8.009,9.996,3.595,7.519,3.731,3.894,6.529,12.602,Normal
9.848,5.856,4.745,7.133,5.955,4.136,4.085,5.774,4.217,4.532,6.314,5.763,3.054,4.781,12.482,5.078,5.362,5.64,3.042,5.68,6.149,3.97,5.303,Cancer
7.987,3.698,3.317,5.657,9.451,8.242,7.7,10.048,8.603,9.124,9.904,12.694,6.073,9.21,5.039,8.999,11.793,3.544,7.429,3.734,3.257,6.871,12.032,Normal
9.488,9.414,9.004,8.807,4.881,4.329,4.2,4.427,4.526,4.102,4.188,5.361,3.164,4.108,12.082,5.092,5.697,6.582,2.845,7.281,8.152,4.175,4.746,Cancer
7.609,4.083,3.485,5.466,8.767,7.209,6.858,7.572,8.849,9.249,8.716,12.566,5.649,10.832,3.994,7.012,11.96,3.396,7.268,3.637,3.69,5.691,12.3,Normal
9.571,5.292,5.388,6.147,4.028,4.644,7.891,5.108,3.3,4.076,3.93,5.827,3.264,4.155,3.828,4.925,4.776,4.277,2.718,6.485,4.743,3.846,3.396,Cancer
8.749,7.594,7.588,8.219,3.448,3.728,3.854,5.131,4.241,5.216,4.133,4.301,3.508,5.227,9.281,4.477,8.847,6.795,2.949,6.767,6.843,3.621,3.899,Cancer
9.79,7.93,8.336,9.227,5.103,4.469,4.15,7.182,4.269,6.23,6.866,8.322,3.567,5.268,10.776,5.64,6.229,7.853,3.422,7.072,7.445,4.252,8.327,Cancer
8.238,4.203,4.162,6.228,8.881,6.734,7.652,8.921,8.273,9.529,9.407,11.969,5.638,8.819,6.386,6.817,11.38,3.816,6.947,3.992,4.315,5.112,12.337,Cancer
10.069,7.962,7.084,7.493,4.017,4.355,4.009,5.278,3.328,4.096,4.319,4.545,3.174,7.841,10.22,4.997,7.152,5.959,3.204,7.075,8.49,3.853,5.76,Cancer
8.067,3.812,4.148,5.376,7.717,6.406,7.21,9.059,8.574,8.083,9.099,10.716,6.538,11.144,5.678,7.243,11.813,3.733,6.247,3.814,3.811,5.798,10.673,Cancer
10.511,6.147,6.337,7.723,5.952,4.317,3.631,5.34,3.91,3.685,5.29,4.83,3.509,3.849,11.933,4.76,6.663,5.954,2.848,5.901,6.484,3.891,5.191,Cancer
7.665,4.341,4.309,5.825,8.236,7.176,6.796,9.593,8.126,8.627,9.192,12.383,4.749,7.704,4.533,7.607,10.987,3.868,7.601,3.909,3.553,5.783,12.247,Cancer
8.649,4.194,4.803,5.949,7.344,5.21,7.643,8.306,8.188,8.628,8.568,10.703,3.86,6.597,5.614,7.342,12.716,3.876,5.951,4.199,3.774,5.249,10.878,Cancer
7.968,3.427,3.285,5.562,8.614,7.032,6.849,9.102,9.14,8.873,9.46,11.4,5.005,9.795,6.323,8.248,9.773,3.637,7.096,3.603,3.243,5.592,11.849,Normal
8.944,6.485,8.051,8.257,4.919,4.436,3.662,5.261,5.555,5.682,8.681,9.113,3.269,5.625,12.173,4.756,6.624,6.421,3.116,7.425,6.5,3.74,5.044,Cancer
7.862,3.175,3.389,5.083,9.035,7.527,7.714,8.659,8.499,9.778,9.889,12.659,5.421,8.817,4.836,8.154,11.437,3.363,6.957,3.514,3.526,6.172,12.628,Normal
10.2,6.429,6.165,7.377,5.892,4.216,3.644,4.854,3.85,3.43,4.816,5.719,3.59,5.194,10.977,5.049,5.784,5.668,5.135,5.81,7.155,3.931,3.542,Cancer
8.05,3.615,3.346,5.191,8.687,7.668,7.506,10.442,9.782,9.682,9.082,12.361,8.121,10.129,4.546,7.654,10.74,3.575,7.108,3.793,3.902,6.547,12.301,Normal
8.767,6.971,7.065,7.636,6.45,4.119,4.607,5.29,5.7,6.688,6.256,5.872,3.408,5.356,10.784,4.871,7.933,6.043,3.067,6.61,5.621,4.065,4.153,Cancer
7.966,3.34,3.827,5.392,8.201,6.887,7.088,9.465,8.504,8.951,8.762,11.771,6.196,10.408,6.351,7.948,10.484,3.53,6.807,3.843,3.376,6.009,11.124,Normal
9.737,7.794,8.682,10.078,4.613,4.091,3.662,5.597,3.005,4.022,3.349,4.291,3.382,6.832,4.547,5.804,7.854,7.77,3.168,7.752,6.69,4.037,4.668,Cancer
7.836,3.281,3.226,5.115,7.98,6.279,7.905,8.309,8.045,7.805,9.899,10.784,7.758,10.888,4.313,7.717,11.606,3.622,5.789,3.813,3.209,6.737,12.393,Normal
8.127,3.6,3.839,5.817,7.705,6.635,8.411,9.357,7.552,9.717,7.741,12.333,4.856,8.144,4.447,6.625,12.314,3.661,6.311,3.833,3.4,4.336,8.095,Cancer
8.179,3.534,3.602,4.861,9.076,7.257,8.072,8.623,8.853,9.613,8.812,11.747,7.577,10.161,4.035,7.759,12.037,3.42,7.594,3.657,3.781,6.459,11.372,Normal
8.61,7.4,6.944,7.614,6.139,5.401,5.356,8.84,6.821,7.236,8.118,9.719,4.514,7.174,8.215,6.256,9.111,5.835,5.049,6.467,6.69,4.94,10.562,Cancer
7.991,3.036,3.559,5.304,8.473,7.416,7.331,9.734,7.939,9.197,8.948,12.281,6.304,10.306,4.634,8.068,11.343,3.317,7.362,3.359,3.083,5.958,12.497,Normal
10.664,7.854,8.616,8.556,6.03,3.848,4.104,5.322,4.084,4.521,6.733,7.441,3.112,7.226,11.751,5.622,9.019,7.539,3.331,7.453,8.436,3.604,8.79,Cancer
8.338,3.88,4.031,5.662,7.905,6.981,6.582,9.239,7.614,8.387,8.962,11.5,6.972,10.436,7.318,7.421,11.576,4.01,6.934,3.833,3.779,6.113,12.995,Normal
10.005,7.402,7.94,8.02,5.822,4.252,4.477,5.419,4.488,4.441,6.859,5.27,3.312,4.262,11.952,5.025,6.804,6.355,3.076,6.73,6.815,3.891,3.525,Cancer
8.24,3.586,3.263,5.341,8.443,7.188,7.288,9.927,7.891,9.308,9.33,12.151,6.771,7.618,5.083,7.672,11.017,3.725,6.992,3.538,3.613,5.924,12.251,Normal
9.921,8.601,9.338,9.773,4.896,3.945,3.577,5.288,3.319,4.488,5.388,5.359,3.164,4.822,11.74,4.444,5.551,8.095,3.209,8.483,8.322,3.417,10.011,Cancer
7.927,3.544,3.877,5.341,8.202,6.986,7.382,8.777,8.242,9.052,9.021,12.477,5.733,10.352,7.323,7.606,12.391,3.46,7.2,3.543,3.678,6.023,8.889,Normal
9.71,4.258,5.206,6.561,6.149,4.181,6.203,7.065,4.057,7.907,10.164,6.816,3.952,5.547,11.352,5.166,8.113,4.386,3.302,4.494,5.065,4.375,11.668,Cancer
8.201,3.416,3.704,5.038,8.355,7.488,7.612,8.701,7.999,9.532,9.492,12.435,5.554,9.25,6.841,7.981,11.336,3.639,6.961,4.197,3.522,5.647,12.118,Normal
9.846,6.819,6.559,7.426,4.053,4.557,4.047,4.49,5.147,3.555,4.332,8.612,3.459,5.939,11.737,4.932,5.576,5.889,2.793,5.544,6.1,3.922,3.871,Cancer
7.703,3.478,3.458,4.648,8.34,6.8,7.677,9.197,8.618,9.307,8.521,12.514,4.995,10.802,4.506,7.588,10.641,3.31,7.194,3.572,3.217,5.936,12.215,Normal
8.968,5.61,5.8,7.494,5.653,5.304,5.884,7.067,5.67,6.565,7.588,9.472,3.503,6.608,9.212,5.692,11.435,5.598,3.331,4.177,5.789,3.797,6.352,Cancer
8.009,3.514,3.714,5.177,9.234,6.432,8.022,8.195,8.881,9.081,9.314,12.529,5.259,10.963,3.788,7.645,11.844,3.527,6.676,3.667,4.025,6.396,12.449,Normal
10.124,6.575,7.281,6.958,6.952,5.172,4.713,7.444,4.072,5.23,6.708,5.38,4.135,5.425,11.219,5.508,6.239,5.161,2.801,5.415,6.762,4.413,10.969,Cancer
8.362,3.621,3.876,5.28,8.635,7.396,8.129,8.74,8.181,9.496,8.74,11.833,5.669,10.038,5.296,7.27,11.549,3.746,6.719,3.638,3.75,5.043,10.51,Normal
10.201,7.239,7.627,8.153,4.808,3.562,4.001,5.073,3.303,3.736,3.797,5.829,3.312,4.794,12.122,4.962,5.414,7.039,2.793,7.735,7.438,3.419,5.339,Cancer
8.703,7.144,7.067,7.515,6.43,3.816,3.847,5.327,5.473,5.334,4.625,5.761,3.309,4.459,11.826,4.58,9.103,5.791,2.985,5.943,6.778,4.14,7.016,Cancer
7.895,3.665,3.83,5.146,8.215,6.906,8.054,10.02,8.841,9.741,9.606,12.253,7.611,11.157,4.334,8.133,10.352,3.841,7.638,3.681,3.709,6.093,12.267,Normal
10.329,6.137,7.713,7.267,4.087,3.834,3.792,5.186,7.099,3.962,6.379,4.774,3.273,7.732,8.647,5.104,6.532,5.508,2.782,5.954,5.452,3.63,7.693,Cancer
8.378,3.939,5.325,5.738,7.195,6.106,6.824,8.952,5.675,8.4,8.224,11.519,6.423,10.18,5.951,7.576,10.294,3.993,6.942,4.672,3.925,5.977,12.033,Normal
10.076,6.937,6.26,8.007,5.489,4.316,3.405,5.67,3.008,4.198,5.559,5.609,3.356,5.879,12.325,4.317,5.93,6.052,4.303,5.619,7.892,4.045,3.645,Cancer
8.004,3.837,3.629,5.482,8.818,7.568,8.227,9.666,8.527,9.371,9.754,12.612,6.845,10.654,8.352,8.128,11.077,3.899,7.178,3.558,4.164,6.808,4.973,Normal
10.36,7.662,6.766,7.466,6.571,3.744,3.525,5.172,5.638,4.275,4.139,5.019,3.277,6.648,11.515,4.977,5.46,6.04,2.916,6.796,7.996,3.716,3.827,Cancer
9.055,5.706,6.043,7.037,7.046,6.22,6.894,9.056,7.368,7.396,8.709,10.089,5.692,10.426,10.055,7.069,10.166,5.081,5.841,5.523,6.693,5.597,11.519,Normal
9.703,4.572,5.138,6.575,3.854,4.26,4.279,5.002,3.528,3.656,3.497,5.614,3.177,7.907,9.757,4.768,5.057,4.441,2.905,6.811,4.48,3.985,4.273,Cancer
8.102,3.904,3.876,5.302,8.615,6.94,7.88,8.183,8.735,9.795,8.941,12.107,5.868,10.365,4.31,7.053,12.044,3.448,6.415,3.69,3.6,5.776,12.659,Normal
9.516,7.29,7.54,7.677,5.606,4.29,4.25,5.817,4.536,3.981,4.089,7.111,3.235,5.805,12.429,5.103,6.925,6.527,3.153,6.682,8.225,3.976,7.212,Cancer
8.034,3.849,3.669,5.71,7.972,7.823,6.316,9.423,7.725,8.169,8.133,11.516,5.705,8.595,8.307,8.374,10.562,3.388,8.533,4.027,3.711,6.184,11.848,Normal
8.363,5.745,5.624,7.448,3.367,7.031,3.848,5.664,3.855,4.193,4.007,8.152,3.451,5.172,4.01,4.65,6.034,5.745,4.663,5.428,3.762,3.638,6.313,Cancer
10.627,7.669,8.622,9.181,3.705,3.976,3.657,5.481,8.942,3.437,5.085,4.005,3.38,6.829,3.952,4.692,6.069,7.653,2.911,7.515,9.361,3.88,3.571,Cancer
7.486,4.257,3.813,5.9,7.428,7.418,6.21,8.168,8.823,7.954,8.148,12.045,6.05,9.052,3.873,6.971,10.954,3.356,5.71,3.866,3.199,5.789,12.411,Normal
9.266,5.805,6.836,7.476,3.518,3.871,3.816,5.455,4.813,5.012,6.443,9.676,3.449,5.453,4.533,5.182,5.214,5.831,3.02,6.036,7.548,3.8,3.794,Cancer
7.819,3.971,3.84,6.069,8.341,7.043,6.041,9.686,8.256,9.217,9.534,11.72,7.779,8.963,4.594,7.728,12.508,3.932,7.458,3.824,4.297,6.296,11.427,Normal
10.404,8.521,8.595,9.464,5.367,3.748,3.871,4.711,2.921,4.546,5.17,4.163,3.174,5.356,12.443,4.379,7.258,7.778,3.298,7.021,8.162,4.387,8.132,Cancer
7.794,3.688,3.45,5.121,8.871,6.756,7.873,8.884,7.757,9.525,8.781,12.426,6.213,10.57,5.264,7.145,12.137,3.398,6.763,3.549,3.617,5.996,12.754,Normal
8.945,6.459,8.342,8.022,7.133,4.415,3.78,5.637,5.612,6.421,3.894,5.853,3.392,5.493,11.379,5.123,5.369,6.2,2.628,6.787,7.077,3.932,4.706,Cancer
7.882,3.517,3.311,5.281,8.733,7.236,7.551,8.597,8.499,10.05,9.504,12.053,4.86,10.304,4.712,7.414,11.174,3.589,6.323,4.021,3.592,5.285,11.78,Normal
10.795,4.108,4.026,6.096,5.901,4.413,3.893,5.609,4.932,6.56,4.898,10.934,3.166,5.046,11.596,5.479,5.671,4.42,2.881,5.187,4.784,4.152,4.442,Cancer
8.261,3.644,3.589,5.003,8.234,7.659,7.823,10.175,8.577,9.983,9.517,12.264,4.425,10.143,4.449,8.093,10.798,3.636,7.623,3.687,3.744,6.23,11.974,Normal
9.915,8.597,8.898,8.524,6.901,3.842,4.372,4.91,5.596,4.106,5.365,5.068,3.265,4.719,10.924,4.66,8.386,7.699,2.688,7.912,8.317,4.132,3.968,Cancer
8.099,3.237,3.168,4.776,8.69,7.38,7.458,10.058,8.054,10.156,9.588,12.332,7.011,10.359,3.932,7.845,12.077,3.394,6.365,3.734,3.12,6.151,12.514,Normal
9.106,7.748,8.463,8.185,5.567,4.019,4.969,4.838,5.237,4.978,7.053,5.556,3.254,5.838,11.358,4.854,6.423,6.665,2.715,7.295,7.594,3.901,3.855,Cancer
8.145,3.449,3.26,5.231,8.241,7.194,7.358,9.536,8.228,8.976,9.359,11.647,4.876,10.525,4.759,7.741,11.924,3.664,7.796,3.463,3.11,5.757,12.528,Normal
9.804,6.308,8.24,8.141,6.47,3.602,4.169,5.24,3.765,6.656,6.093,6.244,3.272,6.316,13.057,4.704,7.293,6.867,2.828,5.779,6.856,3.366,3.379,Cancer
7.937,3.393,3.827,5.593,8.496,7.822,7.428,9.705,8.163,9.763,9.418,11.905,7.697,10.799,4.799,8.195,11.985,3.58,7.858,3.681,3.548,6.453,12.47,Normal
8.042,3.359,3.578,5.059,7.914,6.375,7.432,7.943,8.83,8.899,9.227,10.723,4.649,11.19,6.146,6.998,10.51,3.558,5.855,3.434,3.446,5.55,12.299,Normal
10.166,8.3,8.63,8.597,3.761,3.802,4.151,5.143,3.849,4.128,5.196,5.325,3.218,6.847,8.541,5.011,7.905,7.045,3.13,7.278,7.688,3.885,5.321,Cancer
8.892,6.411,6.335,7.374,7.269,6.868,6.796,9.399,7.798,8.03,9.128,11.356,6.726,9.579,7.226,7.648,11.326,5.44,6.553,5.668,5.591,5.926,12.614,Normal
9.995,8.417,7.647,9.257,3.148,3.902,3.67,4.768,4.271,3.617,3.602,4.374,3.517,5.996,10.69,4.616,8.228,7.996,2.848,7.557,7.738,3.819,8.68,Cancer
8.151,3.596,3.791,5.497,8.411,6.925,7.428,10.171,8.457,9.663,9.776,11.521,7.901,10.441,4.544,8.032,11.142,3.78,7.184,3.538,3.334,6.562,12.326,Normal
9.824,7.707,7.686,8.193,5.11,3.94,4.159,5.178,3.553,4.764,8.99,5.043,3.406,5.666,12.312,4.993,5.34,6.556,2.846,6.78,7.398,3.843,5.97,Cancer
7.956,3.531,4.393,5.083,8.364,7.124,7.857,10.003,8.635,9.179,8.792,12.333,5.203,9.427,4.443,7.954,11.477,3.753,7.122,4.037,4.254,5.969,12.575,Normal
8.78,7.407,8.259,8.353,7.121,4.343,5.978,5.307,8.95,3.597,6.32,6.106,3.443,4.311,10.61,5.196,11.828,7.318,3.028,6.122,6.235,4.007,3.582,Cancer
7.495,3.748,4.166,5.409,8.23,7.346,7.506,8.902,8.867,9.524,9.087,12.122,4.776,9.832,4.029,7.884,11.387,3.341,7.381,4.038,3.727,5.888,11.878,Normal
8.084,4.592,4.382,6.538,7.824,6.077,5.436,9.03,8.193,8.885,9.123,10.566,6.118,8.313,7.876,6.652,10.349,3.785,5.929,4.004,4.238,6.058,11.649,Cancer
8.134,3.874,3.929,5.568,8.252,7.285,6.547,8.513,8.962,8.077,7.881,11.427,5.986,9.554,6.409,7.354,10.932,3.372,7.503,3.531,3.593,6.044,12.135,Normal
10.366,9.102,8.124,8.783,4.237,3.941,3.546,5.714,4.573,4.283,3.763,5.929,3.236,5.357,10.263,5.011,7.965,7.061,3.032,7.935,8.891,3.76,7.856,Cancer
8.427,4.546,6.485,6.185,7.835,7.072,7.282,10.44,7.848,9.246,8.703,11.851,6.464,8.704,4.902,7.932,11.616,4.03,7.516,4.227,4.28,6.295,12.018,Normal
9.98,5.502,6.338,7.277,5.794,4.668,5.005,4.983,4.536,4.155,6.171,5.749,3.221,4.059,10.582,5.21,4.978,5.698,3.081,5.667,6.852,3.944,4.088,Cancer
8.25,3.67,3.228,4.944,8.945,7.785,7.798,9.709,7.87,9.415,9.072,11.416,7.098,10.407,4.915,7.64,12.38,3.544,7.99,3.728,3.547,6.34,12.326,Normal
10.062,8.959,7.396,8.229,5.885,4.266,3.496,5.699,3.218,4.538,4.173,4.761,3.447,4.335,11.607,5.078,7.281,7.058,2.808,8.173,7.605,3.987,4.206,Cancer
7.965,3.759,3.867,5.463,8.885,7.713,7.349,9.924,9.599,10.005,8.999,12.429,7.513,9.709,6.084,7.878,10.775,3.631,6.781,3.835,4.315,6.619,12.111,Normal
9.635,7.351,6.874,8.033,5.938,4.433,5.768,6.54,5.67,6.483,7.179,8.082,3.485,6.478,9.808,6.427,6.035,6.296,3.647,6.323,7.37,4.472,6.44,Cancer
7.841,3.992,3.475,4.86,9.036,6.352,7.892,9.942,8.51,9.582,9.414,10.297,7.285,10.725,4.468,7.7,11.966,3.468,5.867,3.441,3.433,6.457,8.635,Normal
8.238,3.698,3.361,5.029,8.733,6.961,7.906,9.843,9.126,9.259,9.413,12.407,7.698,8.133,3.634,8.286,11.687,3.625,7.673,3.512,3.829,6.208,12.278,Normal
8.122,3.91,3.235,4.701,9.184,6.724,7.604,9.083,10.226,9.683,9.347,12.162,5.824,10.029,4.158,7.006,11.963,3.636,6.619,3.573,3.322,5.534,4.719,Normal
8.496,3.568,3.157,5.191,9.256,7.52,7.619,9.066,9.493,8.832,8.883,12.206,5.956,10.042,5.078,7.921,11.084,3.622,6.458,3.706,3.035,5.913,9.721,Normal
7.991,3.209,3.439,5.174,8.289,6.969,7.455,8.824,8.338,9.437,9.112,12.626,7.094,10.865,4.139,7.593,11.479,3.483,6.945,3.543,3.531,5.864,12.036,Normal
8.396,3.835,4.042,5.284,8.569,7.804,7.121,9.025,8.364,9.316,9.598,11.67,6.28,10.116,4.333,8.548,11.147,3.616,7.723,3.958,3.964,5.87,12.434,Normal
8.168,3.76,3.166,5.239,8.608,6.871,8.122,7.829,8.324,9.441,10.151,12.834,5.699,9.956,4.723,7.144,11.804,3.405,6.413,3.622,3.307,5.628,12.794,Normal
8.26,3.442,3.847,5.068,8.866,7.269,7.593,9.007,7.963,9.301,9.851,12.566,5.68,10.394,4.623,7.666,12.243,3.471,7.229,3.499,3.416,5.656,12.52,Normal
7.979,3.585,3.257,4.718,8.338,6.898,7.554,7.963,8.457,8.454,9.776,11.395,7.288,10.557,4.387,7.128,11.057,3.286,6.066,3.614,3.531,5.914,12.973,Normal
7.801,3.915,3.409,5.636,8.697,8.404,7.145,9.293,8.806,8.931,9.482,12.439,6.676,10.23,5.392,8.195,10.965,3.69,7.999,3.431,4.036,6.676,12.69,Normal
8.257,3.472,3.26,4.963,8.366,7.869,7.073,8.969,8.511,9.105,9.125,12.28,4.626,11.065,4.74,7.961,10.155,3.873,7.532,3.595,3.35,5.748,12.093,Normal
9.726,8.708,8.891,9.354,6.881,4.101,3.722,5.403,6.022,4.368,4.809,5.077,3.432,5.712,10.799,5.259,6.497,8.521,3.321,8.006,8.08,4.164,5.992,Cancer
9.746,5.271,5.929,6.799,6.748,3.729,5.017,4.965,4.062,7.109,6.947,4.759,3.44,5.454,9.972,5.236,5.421,4.813,2.869,4.553,5.833,3.675,11.263,Cancer
9.817,7.497,6.895,7.731,5.38,4.577,3.821,8.315,5.152,4.133,4.538,8.31,4.481,6.457,10.631,5.768,6.973,5.678,4.34,6.278,6.949,4.148,11.341,Cancer
9.598,7.906,7.814,8.882,4.254,4.396,4.427,6.758,4.881,5.725,5.757,8.882,3.23,6.239,11.003,5.527,7.482,6.697,3.956,7.265,8.166,4.322,8.28,Cancer
9.796,6.401,7.029,7.954,5.971,4.152,4.786,4.854,5.231,3.872,5.45,5.546,3.331,7.147,11.021,5.174,5.616,7.005,3.485,5.545,7.148,3.879,6.379,Cancer
9.897,8.398,7.802,8.126,4.722,4.125,4.046,5.194,3.121,4.399,6.514,5.584,3.431,5.104,11.672,5.374,9.054,7.212,2.975,7.27,7.512,3.452,4.627,Cancer
8.56,7.754,8.23,8.523,6.646,4.838,6.99,5.152,7.77,4.881,8.712,6.161,4.695,3.699,8.243,5.123,6.736,6.034,3.011,6.136,7.036,3.772,3.833,Cancer
8.893,8.425,8.917,8.659,5.378,4.214,6.025,5.541,5.905,4.878,4.498,6.104,3.252,6.044,4.175,4.815,4.7,7.1,3.221,7.731,7.013,3.776,3.536,Cancer
10.632,8.579,8.123,9.582,4.129,3.776,3.323,5.5,3.322,3.729,3.892,6.04,3.247,5.18,4.945,5.668,6.455,8.226,3.265,7.778,8.081,3.905,6.828,Cancer
8.739,4.892,4.591,6.218,6.57,4.708,5.284,6.915,6.694,7.664,7.208,7.481,3.69,8.519,6.287,5.833,10.461,4.596,3.632,4.331,5.009,4.118,8.794,Cancer
8.327,4.618,5.033,5.943,7.146,4.318,7.215,6.294,8.504,9.339,9.57,6.146,3.386,6.229,4.371,5.556,8.515,4.684,3.185,4.257,4.657,3.903,7.21,Cancer
10.264,7.634,6.611,7.203,5.566,3.875,3.413,5.355,3.019,5.724,4.619,6.229,3.33,4.664,12.272,4.965,4.799,6.095,3.104,5.905,6.959,3.639,3.986,Cancer
8.286,3.753,4.179,5.402,8.445,6.993,7.536,8.431,9.313,9.35,9.018,11.292,5.018,9.571,4.219,7.766,11.457,3.841,6.95,3.673,3.895,5.595,10.419,Cancer
8.119,3.877,3.435,4.988,8.746,7.04,8.039,8.917,9.007,9.504,8.68,12.789,5.732,10.178,4.589,7.728,11.771,3.576,7.358,3.359,3.899,5.552,12.322,Normal
8.254,3.728,3.558,4.908,8.589,8.023,7.214,9.436,8.973,9.015,8.741,12.303,5.892,8.832,5.772,7.838,11.548,3.491,7.553,3.607,3.464,5.792,12.031,Normal
7.902,3.649,3.245,5.011,9.045,6.675,5.886,8.974,9.015,9.476,10.102,12.014,5.262,10.532,4.4,6.974,11.87,4.241,5.901,3.381,3.512,5.77,12.762,Normal
8.144,3.52,3.245,5.013,8.644,7.131,7.329,8.542,9.465,8.937,9.009,12.352,4.325,9.989,5.203,7.626,10.896,3.6,5.904,3.6,3.847,5.025,12.545,Normal
8.098,4.308,3.542,5.149,8.751,7.128,6.891,8.966,7.878,8.597,9.663,12.465,4.368,9.011,5.935,7.46,11.551,3.396,6.661,3.428,3.475,5.223,12.634,Normal
8.079,3.716,3.634,5.038,8.462,7.06,7.098,9.252,7.627,9.133,10.062,12.549,5.228,9.111,4.447,8.077,11.652,3.631,7.322,3.681,3.614,6.202,12.926,Normal
8.177,4.106,3.783,6.039,8.588,7.655,7.36,10.254,7.654,8.877,9.792,12.3,7.771,10.066,5.504,8.182,11.605,3.62,8.49,3.684,3.906,6.121,6.48,Normal
8.082,3.538,3.092,5.153,8.827,6.91,7.954,8.954,8.523,9.656,9.733,12.522,4.622,10.465,4.046,7.527,12.343,3.551,6.663,3.441,3.163,5.763,12.446,Normal
7.868,3.681,3.201,4.683,8.67,7.198,7.715,9.536,8.566,9.329,10.125,11.399,6.305,10.264,4.553,8.054,11.428,3.755,7.686,3.212,4.088,6.255,12.054,Normal
8.061,4.158,5.23,5.754,7.627,6.844,6.522,7.478,7.299,8.031,7.746,9.484,4.212,7.968,7.81,7.51,10.31,3.79,5.936,3.973,3.693,4.839,11.426,Normal
7.874,3.615,3.847,5.401,8.823,7.193,7.589,10.419,8.627,9.338,9.588,12.411,6.74,6.909,4.599,8.025,11.543,3.471,7.321,3.668,3.465,6.326,12.434,Normal
7.909,4.078,4.18,5.732,8.362,6.61,6.94,10.402,8.629,9.364,10.277,11.798,7.669,10.428,4.064,7.916,11.155,3.753,6.962,4.192,3.734,5.869,12.169,Normal
9.163,5.947,6.835,6.84,5.638,4.779,5.276,6.206,5.923,5.876,5.982,8.899,3.734,6.974,10.623,5.676,7.006,5.206,4.11,4.478,6.701,4.024,9.609,Cancer
10.003,6.668,5.501,6.562,7.095,4.222,4.678,5.257,6.025,4.68,4.103,6.022,3.28,5.189,12.358,5.364,5.144,5.482,3.157,5.614,5.807,3.834,4.257,Cancer
9.009,6.766,6.449,7.606,5.457,3.822,4.152,5.359,4.89,4.084,4.188,8.368,3.357,6.553,12.065,4.851,5.435,6.011,3.455,4.936,7.131,3.919,5.121,Cancer
8.77,7.579,7.826,8.521,7.098,4.512,3.907,5.614,5.551,5.004,7.27,11.191,3.475,6.251,10.74,5.482,8.594,6.353,3.089,6.936,7.316,4.265,6.103,Cancer
10.748,7.779,7.608,8.584,4.174,3.949,3.945,5.103,4.71,5.735,4.171,4.701,3.23,6.505,7.593,5.123,6.56,5.902,3.072,5.963,7.846,3.83,3.974,Cancer
9.304,5.015,5.614,6.533,5.944,3.64,5.007,5.622,4.659,7.127,5.26,7.923,3.019,6.328,4.879,5.265,8.719,5.222,2.892,4.732,5.13,3.927,9.006,Cancer
9.367,7.862,7.292,7.854,5.296,4.746,4.388,7.666,5.478,5.487,5.591,9.849,3.464,7.285,10.942,6.379,8.457,6.54,5.325,7.131,8.235,3.847,9.736,Cancer
8.625,4.635,4.936,7.079,6.673,4.355,5.486,5.232,6.863,6.898,5.879,9.582,3.345,5.02,6.03,5.756,7.679,4.048,3.127,4.467,4.429,4.224,4.288,Cancer
10.375,7.369,8.414,8.326,4.821,4.16,3.213,5.344,3.987,3.528,4.305,4.8,3.452,4.827,12.159,5.278,5.877,7.011,3.153,7.249,8.46,3.991,8.478,Cancer
9.63,8.908,7.988,8.866,5.565,4.353,4.513,6.794,6.328,5.88,5.753,8.776,3.977,7.009,6.4,5.638,7.243,7.418,4.39,6.855,5.712,3.799,7.921,Cancer
10.421,7.412,6.813,7.958,4.195,3.931,3.642,5.72,3.302,3.469,2.96,5.452,3.498,5.293,11.21,5.312,5.62,5.87,6.038,6.814,6.766,3.708,5.667,Cancer
7.998,3.758,3.247,4.886,8.509,7.032,7.386,7.964,8.942,9.34,8.947,12.555,5.087,10.333,4.225,7.589,11.649,3.725,6.688,3.475,3.831,5.514,12.171,Normal
8.108,3.59,3.289,4.64,8.684,7.892,7.596,9.31,9.229,9.95,9.423,12.272,5.262,9.948,4.297,8.254,11.247,3.564,7.55,3.552,3.506,6.028,12.357,Normal
8.336,3.672,3.454,5.131,8.808,7.14,7.735,9.849,7.921,9.925,9.734,11.466,7.427,8.615,4.554,8.145,11.761,3.752,6.777,3.499,3.197,6.13,7.26,Normal
7.895,4.027,3.418,5.351,8.565,7.67,7.347,9.431,8.896,9.009,9.09,12.418,6.019,9.314,4.384,7.533,11.139,3.667,7.59,4.025,3.759,5.41,11.932,Normal
7.835,4.144,3.82,4.924,8.334,6.609,7.391,8.519,8.867,8.563,9.016,11.603,5.377,10.414,4.564,7.937,11.732,3.367,7.075,3.758,3.744,5.332,12.622,Normal
7.961,3.522,3.536,5.308,8.152,6.716,7.706,9.294,8.501,7.995,9.307,11.35,5.865,9.596,4.676,7.207,10.922,3.455,5.747,3.549,3.437,5.935,12.619,Normal
8.03,3.725,3.853,4.803,8.579,7.635,7.884,9.765,9.087,9.037,9.348,12.569,5.702,10.322,4.528,8.472,11.5,3.633,7.878,3.998,4.023,5.659,12.097,Normal
8.124,3.353,3.678,5.099,8.988,6.768,7.689,9.778,8.909,9.448,9.531,12.251,5.626,8.817,4.113,7.313,11.8,3.436,6.419,3.752,3.389,5.781,12.469,Normal
8.152,4.253,4.636,5.874,8.076,7.277,7.334,9.262,7.932,8.812,9.424,11.472,6.191,10.074,6.523,8.231,10.542,3.903,7.51,3.864,4.2,5.608,9.003,Normal
7.635,4.096,3.265,5.352,8.662,6.995,7.179,8.117,9.181,9.101,7.583,13.094,6.583,10.391,4.549,7.745,12.078,3.492,7.401,3.445,3.976,5.522,12.331,Normal
10.14,8.327,6.767,8.614,4.493,4.033,4.237,5.252,5.449,4.667,4.298,7.618,3.368,4.849,11.004,5.395,7.876,7.414,3.37,7.736,8.748,3.621,8.399,Cancer
9.786,8.171,8.492,8.197,5.32,3.672,4.085,5.246,5.039,4.981,3.781,5.437,3.59,6.243,9.706,5.418,8.726,7.084,3.123,7.936,5.909,3.995,5.346,Cancer
10.066,7.734,8.821,8.25,4.383,3.948,3.71,5.064,3.981,4.376,4.317,4.573,3.306,4.898,10.637,5.212,5.469,6.95,3.132,7.347,7.018,3.695,5.174,Cancer
9.413,6.463,5.498,7.486,7.431,4.26,6.648,6.506,4.23,7.202,7.081,4.976,3.417,4.662,9.721,5.387,5.987,4.454,3.17,5.246,6.012,4.034,4.331,Cancer
9.01,5.521,6.327,6.508,6.216,4.064,6.543,5.259,7.572,8.292,5.13,10.916,3.407,10.801,8.382,5.731,13.086,5.063,2.847,4.906,4.953,4.083,3.935,Cancer
8.474,9.115,9.727,8.797,7.307,3.864,4.137,5.07,3.894,5.006,3.74,5.143,3.432,5.136,11.243,4.496,11.053,7.807,3.184,7.774,7.724,3.834,9.433,Cancer
10.41,5.941,6.647,7.36,6.423,3.887,3.821,4.906,4.291,3.476,5.204,5.411,3.409,5.444,12.308,5.953,5.405,6.026,3.112,5.053,6.526,4.175,7.454,Cancer
9.713,8.243,8.497,8.306,6.707,3.937,3.479,5.232,5.078,3.612,4.558,5.457,3.312,4.814,11.712,4.822,6.792,7.384,2.658,8.909,8.637,3.829,4.276,Cancer
10.17,8.645,7.711,7.985,3.677,4.036,4.266,5.196,3.832,3.824,6.705,5.903,3.346,6.232,10.674,5.003,6.249,6.726,3.286,6.664,7.918,3.87,8.859,Cancer
8.166,4.155,3.816,5.118,8.647,7.305,7.276,9.193,9.174,8.585,7.229,12.213,5.917,7.321,5.868,8.241,11.571,3.675,6.258,4.177,3.427,5.705,12.68,Normal
8.058,3.433,3.924,4.91,7.957,7.094,6.865,7.359,8.685,8.629,8.748,12.584,5.296,10.382,4.987,6.886,11.527,3.499,5.183,3.742,4.43,5,12.625,Normal
7.833,3.915,3.255,5.936,8.985,7.121,7.254,8.659,9.977,8.927,8.19,12.092,5.593,9.377,5.222,7.781,11.245,3.729,6.926,3.189,3.819,6.442,10.956,Normal
7.516,3.983,3.467,5.104,9.269,7.462,7.5,9.677,10.164,9.125,10.41,12.343,5.295,10.799,4.104,7.991,10.036,3.666,7.469,3.463,3.591,5.804,12.658,Normal
8.241,4.18,3.594,5.239,8.902,6.66,7.971,9.597,8.921,9.519,8.377,11.731,4.258,10.005,5.948,7.797,11.202,3.392,6.88,3.545,3.818,5.273,11.339,Normal
7.768,3.405,3.565,4.975,8.898,7.231,7.886,8.312,9.004,9.135,9.032,12.823,5.442,11.01,4.43,7.531,11.108,3.641,6.12,3.411,3.278,5.671,12.362,Normal
8.113,3.733,3.821,4.742,9.201,7.644,7.344,7.937,8.85,9.16,9.229,12.085,5.922,10.693,4.597,7.842,11.836,3.39,5.838,3.202,3.772,5.73,11.444,Normal
8.097,3.581,3.974,5.454,8.797,7.043,7.854,9.409,9.053,8.979,9.202,12.33,7.232,9.246,4.436,7.448,11.776,3.663,7.526,3.643,3.823,5.686,12.128,Normal
9.286,7.85,7.601,8.142,5.669,3.935,3.758,5.23,3.677,3.694,5.229,7.321,3.33,4.772,11.706,4.868,7.792,7.131,3.116,6.744,8.474,3.373,4.251,Cancer
9.398,5.001,6.799,7.126,6.581,5.082,6.832,5.254,6.378,7.691,6.872,5.452,3.554,5.74,10.726,5.575,8.829,5.356,3.034,5.526,5.897,3.979,5.855,Cancer
8.897,6.973,6.761,6.901,4.828,3.733,4.117,5.012,3.76,4.622,4.379,6.47,3.266,4.848,11.042,5.569,4.875,5.745,2.753,4.963,5.23,3.879,4.187,Cancer
10.472,6.285,6.766,8.267,5.313,4.124,3.719,6.219,3.643,3.969,4.859,4.678,3.021,5.011,12.525,5.03,4.931,7.024,2.92,5.945,7.761,3.781,5.409,Cancer
9.277,8.338,7.145,8.945,4.387,3.929,3.346,5.559,3.935,6.543,3.836,6.135,3.49,5.009,7.72,5.115,8.733,6.682,2.829,6.856,7.628,3.782,4.206,Cancer
10.132,7.705,7.947,9.097,4.527,3.528,3.401,5.447,3.721,4.806,6.966,4.707,2.939,4.958,10.684,4.848,5.58,7.239,3.023,6.52,8.646,4.083,4.372,Cancer
10.149,8.786,8.995,9.362,5.172,4.219,3.319,5.372,3.521,4.161,4.636,6.086,3.313,6.153,12.372,5.148,5.771,8.016,2.825,8.327,9.588,3.738,6.923,Cancer
9.808,6.328,5.377,6.562,5.243,3.685,3.809,5.694,4.38,4.648,5.081,8.281,3.619,5.479,10.665,6.259,9.069,5.387,3.669,5.708,6.094,3.924,9.329,Cancer
9.719,5.376,6.911,7.639,5.216,5.26,3.651,5.66,8.483,7.147,6.556,6.553,3.552,6.643,10.261,5.572,13.427,5.784,3.087,5.725,6.839,3.978,7.079,Cancer
8.43,3.72,3.489,4.914,8.189,7.305,7.795,9.794,7.179,9.446,9.365,12.673,3.721,9.328,4.43,7.965,10.273,3.826,7.519,3.754,3.712,4.044,12.272,Cancer
9.334,5.375,6.749,6.981,5.033,3.943,6.131,6.115,3.627,6.544,7.474,11.797,3.221,6.714,8.76,5.196,7.201,5.713,3.153,5.356,7.387,4.15,8.147,Cancer
9.935,7.222,5.402,6.783,4.311,3.947,3.306,5.468,3.467,3.317,4.066,5.094,3.124,5.929,10.417,5.105,5.283,5.881,3.775,5.655,6.977,3.571,4.731,Cancer
7.798,3.844,3.587,5.311,8.598,7.077,7.717,9.308,8.94,9.527,9.923,12.122,5.66,8.967,3.901,7.482,10.738,3.475,7.034,3.452,3.735,5.238,11.54,Normal
9.777,7.999,6.982,7.481,5.762,3.861,3.421,5.235,3.403,4.678,7.133,5.951,3.249,5.682,11.519,5.249,9.384,7.163,3.023,6.116,6.773,3.792,7.764,Cancer
8.33,3.628,3.428,5.275,8.191,6.987,6.565,8.179,7.095,9.408,9.868,10.631,5.204,7.394,5.82,7.608,9.243,3.635,6.116,3.648,3.29,4.988,4.997,Normal
10.693,9.061,7.114,8.648,6.23,4.035,3.38,5.195,3.051,4.013,6.836,7.251,3.61,6.18,11.201,4.094,8.66,7.033,2.806,6.01,7.937,3.589,4.641,Cancer
7.831,3.807,2.993,4.794,8.754,7.836,6.63,9.265,8.312,8.582,9.199,12.156,6.551,9.532,4.526,7.748,11.127,3.466,7.841,3.516,3.541,5.969,12.489,Normal
8.96,7.714,6.062,7.351,6.237,4.792,3.697,5.185,3.663,4.061,5.155,5.863,3.37,6.325,12.396,5.179,5.352,5.249,3.293,5.485,6.44,4.025,7.225,Cancer
9.646,7.601,6.384,6.539,5.994,4.419,7.101,5.401,5.471,5.883,5.719,12.12,3.415,4.05,11.55,5.307,5.758,4.711,2.982,6.016,6.786,3.809,5.173,Cancer
8.131,3.425,3.311,4.84,8.505,7.882,6.937,8.394,8.487,9.564,9.556,11.41,5.996,9.303,4.345,7.341,11.553,3.502,7.111,3.683,3.371,6.038,11.739,Normal
9.873,7.917,8.611,8.108,3.497,4.003,3.348,4.689,3.236,4.409,5.304,5.947,3.401,4.648,11.204,4.649,5.967,7.049,2.964,6.559,8.197,3.692,3.546,Cancer
8.155,4.423,4.119,5.497,7.295,6.427,7.183,9.86,6.177,8.514,8.359,10.6,7.523,9.089,6.128,8.172,10.963,3.849,7.872,3.79,3.95,6.091,12.198,Normal
10.002,7.352,8.524,9.56,4.226,4.382,3.459,5.362,5.097,3.589,4.31,4.947,3.298,7.01,6.734,5.545,7.769,7.903,3.193,7.504,7.587,3.653,5.404,Cancer
8.419,3.892,3.847,5.309,8.506,7.822,7.512,9.72,7.492,9.481,8.937,12.382,6.884,8.854,4.81,7.546,11.82,3.658,7.911,3.795,4.048,5.686,12.131,Normal
10.262,9.496,9.404,9.43,4.265,3.801,3.539,5.399,2.924,3.546,4.233,6.058,3.231,5.681,10.188,4.845,6.424,7.195,2.977,6.819,8.038,3.565,8.835,Cancer
8.024,5.888,4.218,5.648,8.161,7.079,6.353,9.912,8.231,8.958,9.277,12.671,7.736,9.922,4.516,7.733,12.126,3.336,8.21,4.065,4.369,5.745,13.238,Normal
9.425,7.319,5.85,7.23,5.604,4.092,4.102,6.176,6.117,4.774,5.986,8.625,3.836,8.056,10.369,5.969,9.941,6.008,4.65,5.492,5.385,3.736,10.508,Cancer
8.138,4.165,4.041,5.961,7.715,7.59,7.566,9.543,7.045,7.651,9.378,11.323,7.6,9.892,5.68,7.798,10.677,3.625,7.187,3.65,3.824,6.283,12.858,Normal
10.134,8.822,9.133,8.575,3.862,3.916,3.282,5.267,2.83,3.766,4.073,4.995,3.081,6.095,10.944,4.809,7.561,7.357,3.279,7.716,7.066,3.685,3.746,Cancer
10.595,7.189,8.189,8.105,3.885,4.005,3.299,5.281,6.347,7.027,6.523,5.579,3.316,4.495,7.87,5.354,5.635,6.483,2.982,6.577,7.474,3.918,5.631,Cancer
7.865,4.134,3.06,4.847,8.473,7.472,6.733,8.095,7.849,9.047,8.992,12.315,5.783,9.092,4.626,7.065,11.491,3.504,6.569,3.253,3.587,5.428,12.658,Normal
10.667,9.318,7.459,8.145,5.409,3.877,3.173,5.071,3.22,3.592,4.421,6.86,3.629,3.879,11.797,5.06,6.064,6.033,3.112,6.94,7.871,3.432,4.253,Cancer
9.585,6.892,5.998,7.945,4.206,4.289,4.434,4.935,3.056,7.735,3.715,5.871,3.39,5.13,4.347,5.244,9.957,6.446,3.396,4.177,6.633,3.927,3.522,Cancer
8.07,3.869,3.888,5.585,7.975,7.472,7.783,8.329,7.171,9.202,8.926,10.866,5.518,9.941,4.33,7.461,11.752,3.337,6.215,3.57,3.837,5.366,12.664,Normal
9.676,8.506,7.006,7.923,4.463,4.037,3.712,5.326,3.437,3.821,4.672,6.46,3.208,4.909,12.277,4.795,8.204,6.813,3.244,6.66,7.147,3.309,5.512,Cancer
8.328,3.955,3.438,5.295,8.316,7.388,7.429,9.885,7.883,9.381,9.298,12.006,6.638,8.291,4.346,7.708,11.32,3.523,7.022,3.55,3.611,5.226,12.535,Normal
10.487,7.707,7.129,7.453,5.742,3.986,3.542,4.947,5.834,3.377,8.288,6.023,3.417,4.539,12.463,4.74,5.928,6.403,3.164,5.865,7.921,3.751,7.164,Cancer
8.099,3.847,3.517,5.04,8.156,6.839,7.929,8.015,9.329,9.53,9.19,12.724,5.401,9.464,5.403,6.916,12.092,3.596,6.754,3.742,3.929,5.354,12.003,Normal
8.644,6.008,4.936,6.639,6.468,4.899,5.695,4.895,7.31,5.672,6.15,11.823,3.598,6.813,6.915,5.347,7.053,4.053,3.363,4.248,5.383,3.365,6.555,Cancer
8.078,3.924,3.205,4.702,8.577,6.992,7.661,9.263,7.353,9.605,9.382,12.492,6.688,9.747,4.285,7.422,11.466,3.626,7.325,3.844,3.734,6.047,11.754,Normal
9.321,5.698,5.352,6.686,7.72,5.051,3.872,4.93,4.769,7.583,7.517,5.07,3.243,5.263,11.123,4.978,8.888,4.978,2.986,4.96,6.44,3.573,3.939,Cancer
8.374,3.937,3.529,5.33,8.497,6.622,7.175,7.965,9.035,8.739,8.755,11.181,5.043,9.459,8.962,6.553,11.594,3.622,6.874,3.589,4.271,5.017,11.802,Normal
9.237,7.223,6,7.836,5.428,4.517,3.584,5.732,5.319,7.869,4.686,5.873,3.346,3.898,10.334,4.838,8.163,7.159,3.132,5.208,5.319,3.715,6.488,Cancer
8.056,3.802,3.344,5.396,7.7,6.829,7.11,9.754,7.2,7.819,8.717,11.483,7.583,9.784,5.261,7.555,11.105,3.6,7.967,3.538,3.755,5.506,12.659,Normal
7.19,3.789,3.238,4.969,8.34,7.807,7.088,8.441,7.093,9.118,8.155,12.642,4.727,8.947,3.79,7.562,10.039,3.684,7.503,3.411,3.791,5.49,12.557,Normal
9.239,7.654,7.845,7.888,4.808,4.016,4.695,5.466,5.58,6.783,8.805,5.73,3.43,5.119,8.29,5.158,7.598,6.553,3.126,6.488,7.195,3.642,3.647,Cancer
8.533,4.712,5.455,5.815,8.029,6.611,7.086,7.417,7.583,8.867,8.738,10.68,5.475,9.599,7.635,7.059,11.275,4.237,7.127,4.018,4.175,4.887,11.913,Normal
8.024,3.827,3.32,4.928,8.554,7.247,7.215,9.373,7.899,8.579,8.747,11.652,6.654,10.683,4.635,7.655,11.52,3.553,7.231,3.409,3.463,6.338,12.526,Normal
8.054,3.843,3.706,5.456,8.03,8.444,8.018,9.403,6.991,9.373,9.252,12.353,5.558,10.703,3.79,8.429,12.159,3.679,7.456,3.694,3.296,5.783,13.169,Normal
8.505,4.03,5.357,5.47,7.77,7.054,7.797,9.109,8.458,9.503,9.019,12.483,5.857,10.441,6.058,7.59,10.348,3.813,7.798,3.894,4.598,5.983,11.565,Normal
9.938,8.443,8.475,8.173,3.481,4.041,4.61,5.086,3.266,5.633,4.651,10.051,3.78,6.251,11.074,5.268,7.308,7.019,3.251,6.101,6.937,3.834,4.33,Cancer
8.655,7.134,6.45,7.482,4.639,4.547,4.142,4.691,4.468,4.54,5.251,5.708,3.738,3.704,10.445,5.096,5.416,5.365,3.105,5.076,7.668,3.532,6.115,Cancer
8.189,4.097,3.502,5.161,8.503,7.22,7.846,8.897,8.856,9.452,9.155,12.278,6.2,8.538,4.423,7.413,11.742,3.61,7.406,3.705,3.784,5.576,13.073,Normal
8.013,3.966,3.233,5.581,8.69,8.207,8.124,10.027,9.523,9.278,9.632,12.875,8.066,9.85,4.534,8.571,11.974,3.655,7.335,3.853,3.442,6.531,12,Normal
8.143,3.43,3.213,4.991,8.475,7.38,7.565,9.398,7.527,8.98,9.063,12.125,6.66,9.315,5.244,7.61,11.521,3.866,7.41,3.23,3.597,6.166,12.845,Normal
10.016,9.607,7.752,8.913,3.443,3.999,3.417,5.352,3.178,3.707,3.491,5.018,3.289,5.429,12.022,4.583,4.344,7.991,3.061,7.678,7.817,3.177,5.694,Cancer
8.585,8.989,7.528,8.814,5.154,4.091,4.038,4.931,4.669,4.85,4.548,5.335,3.4,5.72,11.463,5.055,8.892,7.768,3.276,6.116,7.328,3.972,11.649,Cancer
9.184,8.296,7.442,7.886,4.525,3.811,3.694,6.811,3.043,3.5,3.714,6.305,3.159,5.741,4.072,5.579,11.271,6.261,2.989,5.07,6.348,3.457,6.645,Cancer
9.782,6.995,6.564,7.694,5.453,4.133,4.405,5.541,5.301,6.499,6.959,8.811,3.127,4.861,10.912,5.176,8.811,6.766,3.367,5.621,6.782,4.082,8.951,Cancer
8.315,4.791,3.618,6.047,5.983,5.154,5.075,6.831,6.942,5.385,6.342,9.237,4.081,8.224,7.061,6.237,8.262,3.837,3.842,4.076,3.956,3.825,9.404,Cancer
7.615,3.665,2.985,5.316,8.85,7.902,7.618,10.002,9.596,9.235,9.568,12.214,7.372,10.526,4.099,7.828,10.937,3.448,6.832,3.727,3.861,6.453,9.993,Normal
9.59,9.922,7.831,8.225,5.265,3.398,3.877,4.777,4.043,3.796,4.631,4.681,3.189,3.696,11.13,5.07,5.463,5.61,3.113,7.019,7.662,3.384,5.781,Cancer
8.087,3.909,3.188,5.195,8.826,7.451,7.42,10.076,8.652,9.017,8.888,12.53,6.291,6.844,4.454,7.621,11.441,3.574,7.392,3.733,3.835,5.899,11.729,Normal
10.568,6.939,5.224,7.092,4.686,4.931,3.682,5.168,3.067,5.943,3.881,7.586,3.433,6.204,5.254,5.27,7.582,5.589,4.547,5.194,6.473,4.025,3.809,Cancer
7.405,7.32,3.726,5.738,7.471,7.297,5.01,7.886,8.111,6.687,5.455,12.426,5.543,8.827,7.952,7.057,10.234,3.805,7.168,4.139,3.988,4.929,10.27,Normal
7.62,3.88,3.586,5.269,8.623,6.689,7.154,6.662,8.538,8.616,9.196,12.248,3.543,9.826,4.472,6.493,11.612,3.345,5.6,3.404,3.841,4.71,12.224,Normal
9.76,7.65,8.232,9.01,4.377,4.057,3.568,4.775,5.962,5.428,5.281,5.642,3.066,4.945,11.113,5.029,5.438,7.501,2.868,7.718,7.291,3.689,5.802,Cancer
7.896,3.549,3.609,5.43,8.739,7.218,7.278,10.315,8.928,8.99,9.324,12.381,8.426,10.418,4.301,8.13,11.603,3.68,7.581,3.687,3.604,7.403,12.565,Normal
7.974,8.341,6.816,7.55,5.222,4.58,5.159,5.525,7.204,6.722,6.737,4.884,3.691,5.636,7.033,4.969,11.313,5.961,3.24,5.971,7.149,3.59,5.258,Cancer
8.207,3.12,3.063,5.036,8.447,7.957,6.962,10.116,7.502,9.04,9.403,11.939,7.595,9.089,4.812,7.736,11.66,3.568,7.161,3.387,3.314,6.383,12.096,Normal
7.278,3.712,4.017,4.943,9.066,8.049,8.544,7.87,9.511,9.486,9.037,12.329,4.753,10.044,4.745,7.201,11.484,3.347,6.916,4.29,3.972,4.795,9.55,Normal
7.84,3.663,2.999,5.41,8.548,8.068,8.16,8.746,7.934,9.705,9.214,12.673,6.498,8.165,4.112,7.601,11.986,3.27,6.12,3.56,3.633,6.159,11.704,Normal
7.992,3.308,3.313,4.916,8.548,8.534,7.348,9.925,9.171,9.328,9.264,12.236,6.107,11.692,4.353,8.162,11.38,3.589,7.551,3.471,3.375,6.703,12.601,Normal
9.772,7.34,6.31,7.459,4.805,3.82,4.413,5.207,3.188,5.273,8.783,6.317,3.213,7.545,12.48,4.959,8.263,5.067,2.982,6.011,7.051,3.412,9.162,Normal
7.804,3.945,3.376,5.13,8.497,7.503,7.276,9.716,7.666,9.603,9.32,12.67,5.687,10.014,4.337,7.824,11.7,3.489,7.529,3.329,3.687,5.933,12.572,Normal
7.804,3.78,4.245,5.059,8.195,7.009,7.24,8.038,8.916,9.163,9.544,11.761,3.902,10.373,4.547,7.236,10.537,3.335,6.77,4.044,3.595,5.372,12.058,Normal
10.481,6.925,5.375,8.458,5.964,3.768,4.537,5.501,3.853,4.43,4.33,5.223,3.699,5.492,12.462,4.985,7.015,7.919,3.191,6.583,8.043,4.061,5.929,Cancer
