IGSF10,GRK5,SPOCK2.1,FABP4,COL11A1,GRK5.3,EFNA4,SH3GL3.1,COL10A1,CA4,CA4.1,CST1,SGCG,GPM6A,GPM6A.1,SPP1.1,TNNC1,AGER,CLIC5,KANK3,SPTBN1.5,AGER.1,COL10A1.1,GOLM1.1,QKI.7,CCBE1,FRMD3,PCAT19,RTKN2,STXBP6.3,CCM2L.1,MASP1.3,CCDC85A.1,NCKAP5,SERTM1,COL11A1.2,Class
4.95197,6.27737,8.60144,7.58353,6.04125,8.50686,8.20533,6.05344,9.20833,6.89603,6.21657,7.86868,4.81081,4.95899,5.79177,8.78064,7.56503,9.0972,8.79319,6.5365,6.53858,7.68281,8.0087,12.1128,6.83675,6.87236,7.34232,6.29727,4.19828,8.26976,7.10884,6.21333,5.38086,4.11814,4.09143,5.7537,Cancer
4.69586,5.38056,8.44409,8.24369,5.10195,7.88152,7.86322,5.95334,9.46673,6.84327,6.95,7.16824,5.45129,5.06889,4.585,11.9681,7.13628,8.53862,8.24683,6.08881,5.98864,7.3199,7.79494,8.75553,6.7838,6.72735,5.95656,6.68811,3.9729,6.02054,6.23281,6.05958,4.97331,3.40786,4.87155,4.64723,Cancer
6.13421,6.78433,9.89768,8.13643,11.4842,9.99426,6.97212,5.97717,12.7516,8.58719,8.86094,10.7582,5.73336,5.61371,5.94073,12.7319,5.32755,8.87261,8.51561,7.72005,6.16938,7.17118,11.8443,9.15013,7.10125,7.25779,7.20658,8.23275,4.20079,8.14423,8.63178,6.70181,6.42188,4.56416,4.08808,11.5258,Cancer
5.6026,6.3798,7.96763,7.24312,4.93912,8.22103,8.87674,5.92685,10.6263,6.91088,5.84398,6.15855,5.54237,8.36829,7.98359,10.5832,6.85037,6.86471,8.52408,6.74523,5.97161,6.76456,10.0287,9.42616,6.7271,7.37752,6.16593,7.03685,3.74731,4.91776,7.07166,6.34739,5.70576,3.96403,3.87609,4.80556,Cancer
4.87291,5.99469,7.50781,6.17015,9.86354,7.86676,9.51581,5.76835,11.374,6.45942,5.11954,9.24968,5.03692,4.75786,3.97243,14.1009,6.69901,8.06559,8.85511,6.65819,5.51378,7.28154,10.598,10.937,7.11012,5.99225,5.17736,7.32637,3.94579,5.16309,6.74163,5.79535,5.30391,4.82867,3.83037,10.3001,Cancer
6.09864,7.32456,9.75577,10.4163,5.58133,9.64316,7.49531,6.25516,9.43055,6.36809,4.64242,5.78005,5.84294,7.80474,8.37706,9.64393,7.75023,9.06647,10.0848,7.65531,6.05397,7.97116,7.96745,9.54424,7.18578,7.58234,6.95658,8.22208,4.42369,5.08754,7.5855,6.71592,5.65397,4.45266,4.17419,5.42901,Cancer
3.90204,6.25382,7.47894,6.28851,8.84731,7.13715,7.98738,5.74682,9.93078,7.30476,5.24173,5.37294,4.96012,4.23611,4.23061,12.9764,4.64413,6.26334,5.91171,5.65923,6.58536,5.90337,9.18717,10.3826,6.44627,6.58172,5.96152,6.61812,4.85606,3.80878,6.11467,6.1986,5.14098,3.49174,3.7286,9.69612,Cancer
5.44893,6.0306,7.78151,5.41605,11.1131,8.1194,8.93798,8.11153,11.5361,6.95551,5.11076,8.81683,6.50099,4.04045,4.06887,14.0532,4.7635,5.83801,4.89625,6.15147,5.21829,6.52219,10.5918,10.3076,7.35034,6.09489,5.77351,6.83831,3.9056,4.20771,6.61873,6.56384,5.07841,4.42818,4.34444,11.7441,Cancer
5.53134,6.71735,8.50481,7.14026,9.02744,8.62535,8.60818,5.75088,11.4063,6.42349,5.71074,9.32156,5.23922,6.19351,6.39162,13.3524,6.58477,7.72673,9.17497,6.98181,6.16927,6.86785,10.5479,10.1613,7.25428,6.4227,6.37901,7.72203,4.93923,5.64672,7.15424,6.18908,6.38936,4.25967,3.9384,9.08688,Cancer
4.49035,5.3032,7.97479,8.37677,10.725,7.7867,9.01257,6.09975,12.4622,5.69168,5.484,9.10348,5.71957,6.07132,5.40678,13.8446,5.7255,6.04104,7.6151,6.08433,5.72057,6.22326,11.286,10.4529,7.3196,5.75071,5.24607,7.03542,3.89119,5.12096,6.20839,5.78036,4.34046,3.52202,4.06285,11.2598,Cancer
5.46232,5.97641,8.47953,9.53049,9.08306,8.57822,7.85206,5.88995,12.623,6.46307,5.4211,9.11039,6.03896,6.48102,6.37842,13.4212,6.818,6.38844,7.92523,6.67918,6.19686,5.79836,11.4604,10.3031,6.95463,7.04461,6.14148,6.82382,3.68706,5.96043,6.81496,5.37283,4.8711,4.52215,3.81113,9.76322,Cancer
6.51466,5.98256,9.49976,10.7927,7.88849,9.22615,8.79774,6.53921,8.43707,7.88037,7.94162,5.29986,5.46598,6.48648,7.1628,10.3001,7.35708,10.5254,10.2537,6.88596,6.71675,8.65209,6.57552,10.1679,7.12718,7.46284,6.53858,7.04012,5.35891,6.88622,6.94274,6.0979,6.17349,5.1882,4.13718,7.92775,Cancer
6.84861,6.98834,9.68845,10.6012,8.29105,9.92606,8.29056,6.28007,10.4221,8.14217,8.07907,5.3951,5.87777,8.01356,8.45329,13.348,7.76976,10.5891,9.75885,7.73822,7.37468,8.8401,9.46117,8.64645,7.40561,7.89409,6.51087,8.55829,4.72578,8.45729,6.90196,6.59381,6.74082,5.64932,4.31905,8.51598,Cancer
7.73318,7.1532,9.86387,10.5371,4.22351,10.3328,7.17736,6.87134,7.08326,9.53397,9.97812,4.33175,6.39113,8.82915,9.46413,10.9075,8.43104,11.0408,10.8541,7.96693,7.69662,9.35523,5.35264,9.15057,7.1597,8.9725,6.89225,8.67481,5.30719,9.40134,7.94892,7.8409,7.16689,6.11739,5.46158,3.99338,Cancer
7.54997,6.50193,8.76762,11.9449,9.26182,9.42616,8.21085,5.64547,10.7475,6.93639,5.60656,7.92506,6.00841,6.31617,5.56118,13.1539,7.6392,7.01584,8.71498,7.36752,6.03896,6.50467,9.86286,10.0127,7.39663,6.25505,6.78179,7.97944,4.64701,5.68268,7.81201,6.50312,6.09555,4.69792,4.40579,9.17812,Cancer
5.9857,6.72298,9.22615,7.93185,10.9102,8.44651,8.11867,5.86028,9.44698,7.20882,5.68987,5.27728,5.11446,5.40162,6.04633,10.6697,7.51554,10.7309,8.53468,7.01173,6.16593,8.84366,6.3292,8.26135,7.02037,7.2239,6.85707,7.25718,5.179,5.36097,7.50167,5.94756,6.23701,4.25978,4.40983,10.3705,Cancer
5.32774,6.14409,7.96389,5.14595,7.62425,7.33752,7.78377,5.9049,8.26421,7.09869,5.09987,5.57277,4.91294,4.13426,3.82269,9.85511,5.13917,7.16838,6.68361,6.1364,6.12169,7.04652,6.00403,9.70721,6.7861,6.00452,5.8909,6.88984,4.18216,3.72273,5.76197,6.21067,4.51511,3.34925,3.53812,6.60238,Cancer
5.57409,5.92804,8.57068,8.2768,8.82915,7.8541,9.18225,6.24513,7.75087,6.30104,5.3047,6.34269,5.16069,6.03896,6.2175,13.8964,5.88867,8.06265,9.69925,6.16961,5.5043,7.17518,6.48351,10.4923,6.85511,6.45344,7.89856,6.78885,5.90112,4.89961,6.26562,5.96985,5.5478,5.96406,4.13975,8.91143,Cancer
4.11969,6.13836,8.10259,7.39365,9.58153,7.36945,8.49518,6.47644,11.2106,6.12791,5.28958,10.1867,5.20339,5.37929,4.64267,13.8361,4.94929,5.78619,4.69716,6.23269,6.31671,6.11426,10.3129,8.8209,6.72993,6.31099,5.93893,6.5116,4.02549,3.71806,7.21967,6.2516,5.12299,4.0179,3.63316,10.4704,Cancer
4.2596,5.68876,7.30846,6.47975,6.95619,6.99533,8.30663,6.43946,10.6506,6.79164,5.14564,9.25741,5.28743,4.99311,4.91849,12.7675,8.38885,6.51008,6.89198,6.05935,6.00415,6.18682,10.3667,9.92743,6.57233,5.942,5.65613,6.5409,3.76713,6.80719,6.54833,5.70762,3.96134,3.25839,3.88324,7.54461,Cancer
4.45886,6.24116,7.35476,6.42957,10.1467,7.57733,9.05458,6.26442,9.26635,6.94585,5.2225,12.228,5.262,4.23679,4.05243,13.4368,6.33621,5.02017,4.88236,5.41617,6.10478,6.05807,8.194,10.5192,6.27362,7.53385,6.41818,5.9605,4.82104,4.54159,5.97463,5.99007,4.35715,3.5417,3.85275,11.0955,Cancer
4.12978,5.9232,7.43595,5.41992,11.1306,7.34104,9.20552,6.00819,11.5283,7.07865,5.38322,8.71521,5.06898,5.2134,4.68533,13.3566,5.50225,5.31649,5.65657,5.68759,5.88051,6.30729,10.4376,11.739,6.95782,6.26858,5.92663,6.28234,3.76861,4.76384,6.6342,6.39139,5.90941,3.5234,3.80039,11.8386,Cancer
7.52165,6.62596,9.00219,9.25933,4.83055,8.68066,8.71573,6.01942,8.91614,8.04816,8.16919,5.93711,6.41657,5.91286,6.13572,10.2459,6.71958,9.08889,8.70861,7.29639,6.018,7.52628,7.35055,9.43816,7.06513,8.20262,6.41543,7.31564,4.09388,5.50658,7.23118,6.29029,4.86669,4.15138,4.19263,4.20317,Cancer
4.29447,5.73147,8.19901,9.6832,11.3995,7.85722,8.90612,5.35264,13.1739,6.43878,4.84379,9.80415,5.50065,5.54696,4.45038,14.2075,5.50016,5.68416,6.76992,6.42774,5.72437,5.8953,12.2672,10.6515,7.40187,6.16472,6.14106,6.6721,4.01039,4.07852,7.12154,6.09566,4.84231,3.87179,3.91254,12.1543,Cancer
5.06438,6.73469,9.84169,8.69613,5.94615,9.01989,7.57254,6.51125,11.0252,7.03143,6.25799,9.29208,5.59957,7.73905,8.32509,12.9113,7.44998,7.9986,9.5373,7.11986,6.13732,7.04162,9.79412,9.18812,7.13554,7.23101,6.50365,7.17752,4.04713,5.64048,7.02415,6.28064,4.59774,4.67783,3.7791,5.78607,Cancer
5.69674,5.85682,8.39314,8.53772,5.0344,8.47297,8.75613,5.69366,9.64023,7.90645,7.38525,6.42957,5.44443,5.40658,5.57806,13.2601,6.94061,8.99112,9.50028,7.60243,5.46752,7.52407,8.09917,10.177,6.41554,6.91688,6.28913,7.64124,4.12332,6.04409,7.50747,6.27319,5.13271,3.42308,4.41862,4.31896,Cancer
4.22009,6.12825,7.07837,5.11173,4.84849,9.16216,7.94438,5.97246,6.52586,6.58032,5.20764,5.04211,5.20814,5.76293,6.29757,11.8883,5.18761,5.7554,5.80027,5.94091,8.18781,6.50796,5.36556,11.0484,6.5025,5.71976,5.43598,6.89849,3.5671,6.68525,6.42079,5.9892,4.54199,4.34387,3.66146,4.817,Cancer
4.23898,6.34086,7.77843,6.82382,11.1373,7.43518,9.16442,5.86883,12.1217,6.38,5.0525,10.4991,5.4195,5.81702,5.78234,12.5656,8.49205,7.97258,10.3001,6.29879,5.98187,7.02358,11.0948,9.87463,6.58746,6.04333,5.57042,7.22595,4.14592,3.63826,6.49082,6.08608,4.62783,3.44865,3.83923,11.7057,Cancer
5.47221,6.81825,8.44282,9.29431,9.07788,8.94538,8.752,6.05476,10.4622,7.16381,7.04111,8.66898,5.20794,5.22519,5.39259,12.9216,6.28345,8.46983,8.11255,6.93213,6.10371,7.10187,9.48876,9.7907,6.2175,6.42349,5.74769,7.23428,4.0466,6.12913,7.07922,5.75961,6.37309,5.11258,3.92113,9.24238,Cancer
4.55238,6.4867,7.18445,8.62376,5.46701,7.49033,8.85406,5.80972,9.45842,7.05226,6.71621,5.15067,5.21658,4.89923,4.75803,13.4289,7.17533,6.84735,8.63194,6.22939,6.1367,5.93869,8.74586,10.1504,6.36558,6.40467,5.40246,6.45133,3.69328,4.0782,6.16335,6.24181,5.56337,3.45082,3.85724,5.47135,Cancer
4.07044,6.34053,7.35131,5.57169,7.52842,8.18073,8.94907,5.52379,8.98007,6.79314,5.1027,8.0869,5.0764,4.98228,4.21456,11.6994,4.97477,6.36709,7.78574,5.867,6.81883,6.37856,7.87968,10.389,6.4209,6.22224,5.94553,6.28938,4.08658,8.38149,6.52876,6.31043,4.14165,5.18855,3.96195,7.79753,Cancer
4.56978,5.98074,8.41604,5.94042,9.23362,6.71889,7.97531,5.74853,10.7601,6.85154,5.32829,10.0737,5.05676,4.67855,5.0435,13.8646,6.17667,6.73268,6.23369,5.68329,5.39782,6.04529,9.64139,10.2089,6.88473,6.49862,5.76766,6.37659,3.6165,4.16326,5.57267,5.8108,4.11942,3.45971,3.91236,9.69108,Cancer
7.06889,6.19757,8.2381,9.35172,6.79736,8.35137,8.98291,6.81227,10.5533,6.45999,5.40678,6.30514,5.90571,6.51357,6.52997,14.242,7.58217,6.4793,8.14253,7.12959,6.24413,6.12489,9.70597,9.74551,7.14026,7.00199,6.27775,7.51737,3.63975,4.95534,7.34694,6.29546,5.5517,3.79552,3.62922,6.96408,Cancer
5.53039,5.91171,7.66122,8.25114,11.5772,7.81923,9.31461,5.83487,12.4311,6.76727,6.47268,7.71846,5.26567,5.11728,5.1636,13.0223,7.36323,8.06462,8.89599,6.38687,5.45498,7.07854,11.3375,10.8425,6.90012,6.28472,5.28968,7.30925,4.90346,5.19197,6.6939,5.86341,5.37192,4.16227,4.06745,12.0876,Cancer
4.19476,6.82255,8.13003,6.65208,9.55103,7.23444,7.80701,5.79417,10.6654,7.35557,5.30097,8.35289,5.75249,4.12278,3.95105,13.5537,5.38193,6.29911,5.35604,6.60353,6.02003,5.90428,8.98927,9.59347,6.85258,7.71233,5.80289,6.53012,3.66769,3.90959,6.28223,6.09448,4.44096,3.42345,3.77684,9.95339,Cancer
4.43107,6.28167,6.6906,4.30914,6.68072,6.80692,9.28556,5.90283,9.03186,7.33311,4.85885,5.33866,5.70374,4.07726,4.07227,12.2521,5.04322,6.67424,4.35954,5.96003,6.34542,6.22754,6.60609,9.88511,6.76479,7.51462,5.21061,6.81213,3.74605,3.82887,5.81612,5.95238,4.44174,3.53707,3.80792,7.01915,Cancer
6.23146,5.72922,8.89876,9.08101,4.775,8.07418,7.58368,6.21254,8.78145,7.01671,6.53637,6.34245,5.24755,6.30503,6.57876,13.1976,7.52181,9.31514,9.7614,6.35114,6.8068,7.30986,7.99348,10.2172,7.24298,7.4712,6.37154,7.27243,3.90712,6.44863,6.96835,6.33506,5.33838,3.65004,4.10822,4.13257,Cancer
5.07975,5.83663,7.95681,7.3959,7.26989,7.86614,8.94004,5.88548,10.387,7.11166,6.25032,7.94626,4.82075,4.92525,4.82667,13.1409,7.01411,6.85067,7.50075,6.03805,5.95001,6.48584,9.68292,9.84878,6.57746,6.54687,5.51222,6.97757,3.6922,4.83791,6.90181,5.90156,5.14947,3.67723,4.20097,7.83939,Cancer
5.33052,7.20696,9.63909,9.3247,6.46956,9.13368,7.52407,6.50239,8.28441,7.54066,6.58562,5.23645,5.95527,5.0473,5.41274,10.9587,7.6432,10.4944,9.73415,7.56453,6.51008,8.7565,5.17591,9.58642,7.15148,7.35853,5.90023,7.47184,5.07943,4.78786,7.4712,6.10587,4.678,3.6949,3.74427,4.96347,Cancer
5.91349,5.41342,7.28308,5.75768,10.3213,6.62574,8.10555,5.87914,11.4604,7.14471,5.50085,10.5494,5.05596,4.37143,4.06102,13.7119,5.62735,5.87404,5.37325,6.4567,5.73979,6.37186,10.5918,10.641,6.69022,5.32262,5.36,6.69418,3.77271,3.63349,6.98957,6.24218,4.35352,3.34423,3.79975,11.0346,Cancer
4.32261,6.48526,8.43532,4.74275,9.46982,5.98307,8.34385,5.71945,7.58871,6.95508,5.37859,8.26609,6.30596,4.26566,4.13842,11.8809,4.90947,6.76203,3.92456,5.84763,5.99536,6.18521,4.34744,9.74993,6.71168,7.10363,6.31043,6.92571,3.76722,3.40322,6.74666,5.95145,4.70635,4.65587,4.27871,8.83813,Cancer
4.14655,6.14832,8.93033,5.87934,10.8548,7.9731,8.26083,5.89303,10.4249,7.09059,4.66013,6.80546,5.50979,4.08204,3.8724,13.7637,4.59226,6.08672,6.70617,6.75005,6.07174,5.75174,9.34873,10.5151,7.0805,6.5984,6.75435,7.07431,3.49786,3.88378,6.56372,5.91847,4.8489,3.59858,4.00856,11.4369,Cancer
4.34434,5.70346,7.77432,6.82998,6.95796,7.86358,8.035,6.18805,7.80105,7.04026,5.43059,4.56778,5.42946,4.43078,4.11174,13.7812,5.05316,5.90526,5.92768,6.31937,5.64197,6.37321,6.07346,10.4185,6.97394,6.27328,5.6891,7.00856,3.839,4.12555,7.07823,6.00383,4.47183,3.60178,4.13781,7.52045,Cancer
6.46355,5.63569,8.98987,7.15715,4.96659,8.20408,7.98805,5.61496,10.7992,6.58416,5.62204,9.65014,5.1975,4.90803,5.38164,13.0846,7.59579,5.93991,10.0008,6.75499,6.8275,6.09908,10.267,9.89357,7.26138,7.56471,6.36403,6.93769,3.80997,5.27619,6.69187,6.23412,4.04746,4.19121,3.75932,4.83605,Cancer
5.64962,6.08111,8.05213,8.22408,10.466,7.71289,8.72355,5.94275,12.0215,6.48237,4.75517,9.1734,5.74352,5.19057,4.7644,14.1993,6.11739,6.29827,7.68467,6.7657,4.74637,6.19503,10.6886,10.1875,6.8685,6.32753,5.92878,7.15988,3.93236,4.02088,7.02828,5.77237,5.25137,3.48173,3.78971,11.0038,Cancer
4.87048,6.26759,7.97895,9.31489,6.75474,7.87702,8.45674,5.67803,11.8686,7.09407,4.91694,8.64451,6.10319,5.50561,5.83752,13.9494,6.88553,6.57818,7.80668,6.84429,6.05828,5.89689,10.9981,10.7463,7.00531,7.21475,6.35851,6.96726,3.78158,4.05884,6.42623,6.38913,4.2383,3.54943,3.80141,7.20023,Cancer
5.00061,5.39748,7.12482,6.74943,9.41308,6.72683,8.96786,5.67726,10.852,6.56211,5.28701,8.71264,4.81526,4.34121,4.0555,12.6171,5.54345,7.60383,6.99492,6.14032,5.56726,7.0588,9.88365,11.0375,5.96887,5.50754,5.4076,6.84627,3.52931,4.23777,6.31169,6.12125,4.17951,3.4993,3.80164,10.1496,Cancer
6.80332,6.70359,9.91528,11.4267,10.5473,9.84846,9.21877,6.30456,11.8057,8.41769,8.55002,8.08938,5.4336,8.08656,8.75992,13.073,8.44755,11.4947,10.0168,7.64107,7.58746,9.50402,10.4812,9.3453,7.45594,7.37468,7.14609,8.17144,5.09419,8.12558,7.48676,6.78264,6.76167,5.72457,4.37581,11.1407,Cancer
7.18534,6.43493,8.98481,10.9273,9.81667,9.03626,7.18612,5.99809,11.0548,7.66431,7.29837,4.52618,5.83622,7.84337,8.43909,13.2635,6.49,9.32617,9.21456,7.86598,7.00242,7.9014,10.4097,8.65283,7.55153,8.01167,6.36158,7.95812,5.58156,7.45624,8.01722,6.33977,6.31949,5.26528,4.27241,10.6304,Cancer
8.93713,6.79001,10.2799,11.3966,4.12667,10.119,7.5162,7.64873,6.22913,9.5289,10.0019,4.93271,8.28332,9.21479,9.96153,9.281,9.87327,11.9958,11.1963,8.34039,8.15783,10.1222,4.4232,8.03122,7.55106,9.38906,7.89707,9.46145,7.63749,9.3345,8.62497,6.93252,7.56533,6.68371,6.43844,3.74885,Cancer
6.3329,5.9892,8.46441,9.46117,5.00831,8.75951,8.37776,6.42978,9.42498,7.29461,7.10526,7.4174,5.75758,6.88205,7.4203,11.56,8.54678,10.482,10.866,6.72696,6.31709,8.39713,8.31853,9.75641,6.84711,7.93098,6.31158,7.6236,4.79825,6.79942,7.25169,6.23897,5.60219,4.2389,3.97712,4.45082,Cancer
6.12136,6.13995,9.87703,10.6339,7.60483,8.87486,6.97305,6.14268,8.27699,6.87065,6.21846,5.0598,5.23468,6.26551,6.68728,11.9021,6.13254,9.32332,8.36796,7.14112,6.5142,7.38478,6.52167,9.65941,6.8708,6.7403,6.30156,7.62699,4.41825,6.91002,7.42573,6.53556,5.38056,4.47673,4.12127,8.15485,Cancer
5.82916,5.7362,8.52835,8.72732,4.87786,7.66011,8.41123,6.14301,8.27837,7.64587,7.03556,6.80838,5.47484,5.80994,6.16354,10.004,8.08592,9.78617,10.5631,6.67472,6.19654,7.92608,5.98187,9.40621,6.79523,7.705,6.83168,7.40653,3.94995,5.86212,6.85456,6.07814,5.23914,5.70009,3.87905,4.07611,Cancer
6.43027,6.18466,8.97476,9.20623,5.29866,7.97479,8.53671,6.01077,9.30627,7.01791,6.72515,8.6991,5.38643,5.91788,6.36978,11.2563,8.10771,9.5201,8.73171,7.08616,6.24202,7.44774,8.038,9.39225,7.05314,7.57645,6.92715,7.36721,4.30086,6.53426,7.35691,6.50716,5.23922,4.19487,4.0222,5.02282,Cancer
3.97876,5.74478,9.25283,8.59521,9.90379,8.08418,7.9366,5.68438,11.1867,6.93406,5.2433,8.9118,4.57805,4.85398,4.6895,12.5043,5.05393,5.71317,7.94507,6.42165,6.19664,6.69657,10.1472,9.79193,6.9346,6.14118,6.02619,7.69549,3.66511,4.70175,6.82998,6.22801,4.08056,3.29266,3.82928,10.4845,Cancer
4.14443,5.50391,7.74085,6.63445,10.0931,7.20038,8.19363,5.95439,11.6651,7.0333,5.31161,9.77369,5.11571,4.33185,4.20336,12.9369,5.80037,7.59366,6.29765,5.97857,5.84073,6.20147,10.9364,9.89044,6.7076,8.18639,5.31178,6.5433,3.48794,4.01781,6.48054,6.03886,5.52552,4.10132,3.94012,10.683,Cancer
4.63076,5.75489,7.75558,6.77054,5.39003,6.3736,7.9333,5.93015,8.49633,7.14818,6.35986,7.04111,5.11474,5.06476,4.80481,12.21,5.90293,8.67935,7.6108,6.31146,5.77132,7.52749,7.63176,10.6152,6.37889,6.38368,5.63782,6.42211,3.89467,4.63484,6.27837,5.53303,4.31971,3.44451,4.41284,4.87127,Cancer
4.7127,5.77564,7.66974,6.84735,5.14786,7.09729,7.74336,5.74084,8.08071,7.01232,5.36232,5.77034,5.37439,6.31022,6.37061,11.6345,5.91643,7.84904,9.16951,6.62411,5.77432,6.49278,5.7586,10.1987,6.84144,6.12102,5.81775,6.61129,3.80104,4.07638,6.18805,6.06741,5.17401,3.79914,4.1848,4.61102,Cancer
5.87905,5.71643,7.12659,6.1617,7.04712,7.45354,8.89666,5.58955,10.0597,6.62147,5.48781,8.36281,4.6911,4.82498,5.40709,12.2341,5.13788,6.4414,7.71423,5.86151,5.97288,6.24842,8.86352,11.6572,6.59804,6.08101,5.51054,6.49396,4.15928,7.16178,6.1709,5.81869,5.15601,3.77734,6.11176,7.61952,Cancer
4.70826,6.20147,8.39801,6.4567,4.60958,8.48929,7.78472,5.77799,10.0146,7.07837,6.3384,7.00444,5.22695,4.13299,4.33628,9.88878,7.58837,7.98095,7.8976,7.26617,6.08618,6.86026,9.09028,8.9363,7.40075,7.4083,6.20225,7.15132,3.78989,5.46108,7.05922,6.43934,5.54069,3.56867,3.89047,3.9729,Cancer
9.18083,7.44864,11.2207,11.617,4.00384,11.0239,6.79178,7.27485,6.07589,9.77971,10.4587,4.37799,7.98199,8.87383,9.85382,4.90197,9.54127,12.6199,12.051,8.32916,8.76954,10.9792,4.77466,8.06445,8.29745,9.46699,8.16186,8.89771,7.78653,10.0718,8.63441,8.97149,8.07858,7.6623,7.28955,3.83306,Normal
9.11282,7.8061,11.2454,11.7456,4.43545,11.1819,6.8387,7.50891,5.30107,10.0997,10.6321,4.07058,8.2472,9.94487,10.8561,6.50502,10.1154,12.7351,12.1925,8.48369,8.98007,10.9843,4.34979,7.72393,8.46255,9.73013,8.70212,9.04144,8.28563,9.54942,8.71223,7.91244,8.06004,7.82827,8.24181,4.15985,Normal
8.80308,8.47109,11.6616,10.0082,4.32813,11.1945,6.58125,7.99297,5.20164,10.9981,11.5922,4.04243,7.10568,9.40827,9.9983,6.93907,9.6692,13.2913,11.9449,8.91377,9.54424,11.4155,4.09829,7.08135,8.29457,9.1702,8.22721,9.83459,7.25366,10.6304,9.05202,8.95773,8.64607,7.97037,5.74195,3.99788,Normal
8.71131,8.88032,10.4217,12.4242,4.17059,10.772,6.33402,8.45078,5.76528,9.52194,9.94417,4.55553,8.34656,9.7804,10.2591,6.15642,10.0358,9.93654,11.8254,8.83059,8.85927,9.85747,3.96053,6.87195,7.62345,9.76074,8.3515,10.0355,7.72755,10.2287,8.74841,8.73715,8.94042,8.29628,7.6448,3.97227,Normal
8.4791,8.65147,11.0215,11.6663,4.85698,11.1553,6.3658,7.94507,6.02342,10.2427,10.4986,4.49065,8.22253,9.91811,10.557,7.8127,9.95509,12.2672,11.9232,9.05906,9.42054,10.8018,4.90732,8.06509,8.46291,9.77521,8.33733,10.393,8.06382,10.0501,9.24261,8.11169,8.48896,8.39404,7.50573,4.28519,Normal
8.9781,8.74586,10.7536,11.8913,4.58845,10.896,6.39904,7.77356,6.5094,9.80166,10.2279,4.20753,8.34504,9.53372,10.1009,7.48277,9.20529,12.0373,11.6525,9.10479,8.77577,10.448,5.43006,7.57626,8.62283,9.63305,8.21067,9.6498,8.31874,10.2867,9.38068,8.40629,8.62608,8.07732,7.11431,4.13191,Normal
7.77748,7.66057,9.82061,9.76225,4.94979,10.6991,6.92493,6.72349,6.55746,7.86614,7.53929,4.46105,6.77751,7.85275,8.81197,9.60711,8.98677,11.2833,10.6002,8.48541,8.14947,9.55579,4.47343,8.73059,7.65771,8.26578,7.53633,9.72725,6.42677,6.7861,8.72017,7.79331,7.14972,5.85519,4.72464,4.10928,Normal
7.44663,8.4119,10.2481,11.2268,4.52281,10.5869,5.744,7.45682,5.81181,9.50054,9.62675,4.21352,7.89359,9.42399,9.89938,9.57794,9.46773,11.0368,11.1357,8.77944,8.52337,9.48587,4.168,8.34149,8.25851,9.25591,7.84005,10.1552,6.32282,9.14349,8.22737,7.27816,7.81072,8.03122,6.97183,4.32481,Normal
8.07475,8.27133,10.3187,13.3524,4.32537,10.4302,6.38903,7.98605,5.23618,9.93399,10.1751,4.2779,7.91331,9.11304,9.69471,8.53788,9.45013,11.713,11.9217,9.07927,8.90239,10.2338,4.01141,7.84151,8.30447,9.75915,7.76152,9.97812,7.85425,9.18552,8.53367,7.92523,8.60487,7.86868,5.75088,4.14222,Normal
8.30861,8.73678,10.7828,11.4123,4.66192,11.5499,6.5465,7.97083,6.21139,8.41877,9.0624,4.20308,8.07231,10.324,10.692,8.12044,9.33228,11.6043,12.0154,9.25617,9.72255,10.8342,4.56266,7.19115,8.46618,9.45013,7.89692,9.86286,8.61035,10.5769,7.98461,7.73786,8.90752,8.23762,7.8982,4.70517,Normal
8.708,8.038,11.0417,11.2225,4.48839,10.8871,7.01975,7.6219,6.81333,8.94596,9.24307,4.34905,7.68331,10.2763,10.8567,8.40037,9.51048,12.563,11.6605,8.22928,8.46548,10.8751,5.45835,7.91819,7.47805,9.14579,8.3863,8.19866,7.96811,8.89972,8.77195,8.19048,8.12573,7.72349,6.43068,4.1956,Normal
9.14717,7.72803,10.9114,12.1217,4.59665,10.7267,6.47523,7.21225,5.98343,9.74402,10.239,4.4954,7.38753,9.07766,9.55052,7.01541,9.21354,12.0056,11.5326,8.90239,8.31642,10.2266,4.26852,7.95845,8.00914,9.2201,8.39679,8.45423,7.53201,8.68232,8.43233,7.37938,7.50262,7.14535,6.89183,4.09746,Normal
8.93776,8.05281,10.4427,12.3162,5.22469,10.9792,6.49502,7.05546,8.03988,9.2339,9.47498,4.22516,7.00957,9.86569,9.97643,9.07658,8.66121,11.6332,11.1033,8.93074,8.53275,9.98023,6.55183,7.91975,7.91942,9.55549,8.1289,8.56564,6.42505,8.46983,8.77596,7.41937,7.79363,7.1471,4.89218,4.50597,Normal
7.49328,7.81753,11.0491,12.0056,4.20586,11.0408,7.39397,7.30879,5.07195,10.4029,10.9629,4.13434,6.90383,9.2435,9.1601,7.69965,9.07595,12.1256,11.5373,8.65596,8.52032,10.4009,4.2678,8.20562,7.93712,8.76762,7.56425,9.22869,5.31301,8.99677,8.7916,7.38616,7.85689,6.8832,5.92242,4.13505,Normal
8.78668,8.60631,11.2737,13.2913,4.40249,11.0843,7.2942,8.85927,5.93968,9.65226,9.99634,4.64344,8.17852,9.9623,10.1178,6.27997,11.1415,12.4852,12.0304,9.34314,9.31434,10.9265,4.11598,8.47201,8.7506,9.20786,8.26591,9.89525,8.44034,10.0008,9.22432,7.94861,8.1704,7.75949,8.32012,4.01185,Normal
7.54969,7.0588,10.034,11.6182,4.84597,9.8153,8.35987,6.86312,7.58093,8.74666,8.78207,4.86312,6.21823,8.47241,9.18855,10.3005,9.33424,11.8242,11.0118,7.6096,7.58474,9.98878,5.58607,8.52282,7.40621,8.19431,7.71325,7.91045,7.18865,7.80782,7.43979,6.72043,7.07619,6.54067,6.5494,4.33398,Normal
8.62887,8.27304,11.4063,12.4169,4.57291,10.9258,6.58032,8.42332,5.86422,9.20602,9.5969,4.30362,7.45402,9.87259,10.6795,6.63881,10.7322,13.026,12.3223,8.11746,8.9369,11.5644,3.93426,8.05546,8.7206,9.26831,9.1483,9.08393,9.71254,9.85413,7.97258,7.23754,8.87243,8.41334,9.03626,3.72667,Normal
9.21502,8.5956,10.9709,12.9878,4.70901,10.6405,6.79958,8.58165,5.688,8.41049,8.71609,4.67774,8.57822,9.64759,10.2406,9.12073,10.755,12.1441,12.1906,8.41088,8.47524,10.6061,3.77849,8.70537,8.24471,9.45378,8.37742,8.6357,8.87261,8.41895,8.10824,6.91844,8.07007,7.91649,8.1624,4.0128,Normal
9.1897,7.65453,10.5775,11.702,4.58854,10.386,6.9225,7.61921,5.79547,9.23083,9.59468,4.73059,8.84403,9.52224,10.0447,7.82967,9.63424,12.5514,11.3662,8.16974,8.39595,10.6204,4.28772,8.54408,8.10995,10.0888,8.15404,9.00937,7.11182,8.98504,8.72355,7.56345,6.86373,6.7963,7.06835,3.82782,Normal
9.41597,8.24233,11.1569,12.6625,4.24634,10.8142,7.31416,8.02408,6.46378,9.02363,9.41184,4.62238,8.42347,9.55382,10.0086,7.89094,10.044,12.1003,11.4646,8.62376,8.28692,10.2542,4.52117,8.38265,8.1072,9.43816,8.1252,9.39279,7.70295,8.85643,8.99286,8.75786,7.38054,7.23771,6.97332,3.70298,Normal
9.57256,8.34098,10.906,11.7599,4.5166,10.6258,6.20147,8.10243,5.77758,10.2915,10.8686,4.28278,8.34402,9.91158,10.4174,6.40467,10.6383,12.4122,11.656,8.68121,8.66619,10.7512,3.75724,8.33647,8.63531,10.1879,8.87988,9.12521,8.83709,9.5774,9.09587,7.51477,8.138,8.09453,7.92826,3.95053,Normal
8.78969,8.72261,11.2787,12.2043,4.63356,11.3421,6.77299,8.20426,6.25993,10.2459,10.8891,4.15806,7.65996,9.85382,9.79351,6.17879,10.8639,12.3356,12.0442,9.37679,9.52808,11.0111,4.52911,8.25785,8.62416,9.57662,8.26817,9.36044,9.26783,9.69955,9.35341,7.81767,8.42147,7.95183,8.29814,4.00207,Normal
8.83195,8.15004,10.6002,12.4081,4.39849,10.3663,7.15057,7.35557,7.08515,9.54424,10.3463,4.87084,7.54793,8.76762,9.33937,8.21297,9.63515,12.1691,11.7417,8.39404,8.21593,10.398,4.92278,8.24318,7.99993,9.57662,8.14911,8.65715,8.09125,7.84534,8.40736,6.99244,7.05594,6.58523,7.05991,3.89494,Normal
8.83216,8.29867,11.0888,11.8913,4.47974,10.8071,6.49082,6.95997,5.96406,10.0294,10.6061,4.29191,8.57295,9.80604,10.4471,7.83159,10.2906,12.4056,11.5361,9.30975,8.86328,10.7681,4.3799,7.29044,8.21332,10.0351,8.66361,8.65505,9.10994,9.30822,8.76373,8.42869,8.31154,7.79538,7.99365,3.90497,Normal
8.15386,8.64938,11.483,11.9434,4.47614,11.3126,6.73084,8.03465,6.05969,10.5006,11.1945,4.68916,7.53821,9.52625,9.52491,8.39083,10.4288,11.7832,11.5174,9.91596,9.20379,10.3324,4.15899,7.72788,8.35792,8.64994,8.48722,9.67598,8.20842,9.53509,9.12728,8.72355,7.80375,6.76964,7.12088,4.08987,Normal
8.10158,7.84022,11.4592,9.8177,4.69236,10.906,6.81977,8.20672,6.07618,9.91334,10.4551,4.67018,7.5215,9.3656,10.136,10.7387,10.2212,13.1697,11.9681,8.90103,9.39904,11.1487,4.52972,7.28437,8.3099,9.08259,7.94373,9.93851,7.74336,9.98992,9.14012,7.94539,8.33679,7.6073,6.83037,3.99199,Normal
8.39595,7.97715,11.6663,11.8686,4.68235,10.9418,6.6311,8.16638,5.95741,10.4955,11.1221,4.54847,7.91443,9.75211,10.4709,6.99697,10.2655,13.4441,12.0023,9.52281,9.66944,11.4104,4.27862,7.61651,8.75708,9.24148,8.15854,9.68698,9.06669,10.3258,8.9232,8.44956,8.41711,7.7486,7.41727,4.0221,Normal
8.45919,8.37316,11.3985,12.3073,4.53049,11.2765,6.64821,7.9527,6.25755,10.2312,11.1688,4.59166,8.14674,9.77369,10.2377,6.62486,10.1971,12.7645,11.6913,9.35099,9.26058,11.2122,4.28689,7.60119,8.13676,9.32902,8.10015,9.89456,8.30356,9.84461,9.23414,7.83439,8.10378,7.59366,7.86442,3.97681,Normal
8.71701,8.13643,10.7601,12.8551,4.29674,10.7107,6.94572,8.5293,6.73362,9.93722,10.3124,4.34308,8.23948,9.74488,10.484,7.29837,10.448,11.8544,12.1638,9.26657,9.54208,10.2418,4.5203,7.72393,7.9019,9.07968,8.18708,8.95947,7.34608,8.91751,8.77314,7.11086,8.20426,7.53821,8.02717,3.9479,Normal
8.85108,8.27448,10.6515,12.0859,4.6262,10.8823,6.04484,8.60413,6.46131,10.2951,10.8096,4.45118,7.85704,9.90343,10.6568,6.04757,10.1581,12.2582,11.7109,8.83749,9.06177,10.7556,4.34951,7.66295,8.27321,9.54265,8.40395,9.90444,7.49989,10.5738,9.31286,8.17337,8.99873,7.97067,6.86312,4.0236,Normal
8.40266,8.73547,10.8633,12.244,4.8113,11.1188,6.62938,8.31493,6.2958,10.4025,10.9411,4.82678,7.7109,9.84706,10.4396,8.06477,10.2722,11.8913,12.226,9.21098,9.3879,10.0391,4.55002,7.70277,8.6016,9.45926,8.55494,9.81183,8.28935,10.34,9.28903,8.10555,8.7206,8.22601,7.80442,4.44436,Normal
7.83494,8.08703,10.4904,12.5325,4.47746,10.5901,6.20054,8.2472,5.83711,10.1581,10.5192,4.50543,7.32339,10.1413,10.862,6.74679,10.4391,12.5514,12.0876,8.93487,9.27176,10.7669,4.27269,7.96326,8.16021,8.96175,8.82794,9.23312,9.00262,10.4427,8.96007,7.21377,8.48262,8.24591,8.24016,3.92284,Normal
8.11778,8.46548,10.5259,12.8515,5.00359,10.9054,6.97533,8.37606,5.86288,9.75241,10.2642,4.54189,8.182,9.94709,10.6538,8.26713,10.6268,12.1163,11.8443,9.40575,8.72339,10.6235,4.39292,7.80985,8.16848,9.29208,8.38208,9.6576,8.7508,9.60258,9.33027,7.7107,8.47738,8.14658,7.84165,4.07036,Normal
8.76976,8.51906,11.1289,11.9831,4.56919,11.1415,6.66278,8.18183,5.3482,10.3509,10.6373,4.34029,8.14985,9.64342,10.1862,6.32167,9.95035,12.1424,12.0183,8.9118,8.52702,10.5504,4.16727,7.83891,8.53037,9.91299,7.71846,9.99716,7.71536,9.84461,9.36815,7.99094,8.36901,8.11867,7.3744,4.07555,Normal
7.52704,7.72691,10.7544,11.3946,4.3484,10.1127,5.51632,7.22695,7.15593,9.78418,9.68551,4.8093,6.83287,8.51865,9.44255,4.56493,9.13189,11.4084,11.3539,7.83757,8.41392,9.5774,4.45448,8.05281,8.06907,9.59863,7.69097,8.54696,5.95219,7.77748,8.14503,7.42311,6.22767,5.93327,4.55189,4.05958,Normal
8.8832,8.12558,11.3163,11.4043,4.58037,10.8601,6.17543,7.51477,6.50572,10.3537,10.7463,4.48159,8.22122,9.27321,10.2373,4.31567,10.0723,13.1495,11.9384,9.11913,8.78806,11.5326,4.23282,7.12043,8.37758,9.99426,8.01489,9.36508,8.6713,9.94013,9.02981,7.83973,7.63457,6.82822,6.6681,3.79748,Normal
8.76153,7.83096,11.7843,10.4203,4.47633,11.2437,6.68228,7.85804,6.84747,10.0139,10.5509,4.36115,7.18044,9.78327,10.4371,8.01336,10.1131,13.4086,11.9064,8.94618,9.35895,11.3219,5.57566,7.43996,8.50406,9.25141,7.93451,9.25886,8.24283,10.0486,8.95947,8.04933,8.60901,7.60368,7.77572,4.32785,Normal
8.88338,7.72755,11.1819,11.7182,4.79787,10.5479,6.31972,8.15615,6.26899,10.0976,10.7456,4.74503,7.63398,9.51986,10.3602,7.42226,9.99241,13.1891,12.0711,8.18501,9.08616,11.0927,4.36581,7.47405,8.29611,9.54636,8.76334,8.41604,8.16589,9.30923,8.52227,7.65964,7.74909,8.02513,7.42122,3.94123,Normal
6.622,8.09887,11.3411,11.1164,4.77293,10.4592,6.93213,6.91774,6.11863,9.98057,10.1406,4.94141,6.52642,6.12762,9.35923,5.67968,9.96993,12.5576,11.088,9.6591,9.09563,11.0368,4.14357,6.80211,7.8351,8.42596,7.32235,8.22847,5.94775,5.80545,8.46602,7.12631,5.49987,5.25338,5.54921,4.0306,Normal
8.47074,7.99619,11.2207,12.6749,4.65393,10.7945,6.79905,7.45246,6.15898,9.83459,10.308,4.78786,7.65786,9.64139,10.4025,8.33224,9.92129,12.9043,11.8733,8.45513,9.00736,10.9761,4.58261,7.79572,8.20809,9.85644,8.34333,8.82014,8.0904,9.72404,8.81277,8.04342,8.11355,7.56425,7.41727,3.74297,Normal
6.74563,7.1002,10.5438,8.97706,4.70627,9.86387,6.92065,6.54674,7.34666,8.75828,8.63344,4.44662,6.0224,6.50844,6.96822,11.4084,9.01902,11.905,11.0261,8.28763,7.53681,10.1819,4.32261,8.44519,7.52196,8.30879,6.76385,8.40433,5.69348,4.69953,7.97795,6.66371,5.48561,4.77272,4.02931,3.82016,Normal
4.42689,6.69515,9.65393,5.564,4.33221,7.60551,8.50575,6.04569,7.09897,7.65855,5.12028,5.43615,5.95022,4.43415,4.17233,9.40055,7.30237,7.82397,7.83386,6.70444,6.19988,7.39233,4.53706,8.74491,7.16628,7.13207,5.94786,6.81549,3.89989,3.60618,6.65557,6.26551,4.20657,3.14943,3.80747,3.80304,Normal
7.46696,6.31709,9.54508,12.3595,4.23275,8.98481,6.92791,6.69855,6.08651,7.97392,7.75119,4.46649,5.80625,8.16381,8.69969,12.314,7.96246,11.0807,10.5504,7.53201,7.64371,9.12048,4.43135,8.32186,7.58614,8.28984,7.29273,8.09774,5.73917,7.26063,8.02686,6.65436,6.50975,5.83477,4.61042,3.89056,Normal
9.17727,7.84194,11.5623,11.7404,4.78322,10.7556,6.78687,7.6747,6.03657,10.269,10.8601,4.79288,7.67212,9.79099,10.3213,6.3155,9.9014,13.2295,11.9733,8.17885,9.68292,11.2276,4.67464,7.49821,8.5639,9.87297,8.43381,8.84086,7.97547,10.0825,8.89894,8.65131,8.52157,7.97664,7.63113,4.09624,Normal
9.55206,8.89396,10.7751,12.344,4.27702,10.879,6.78987,7.70829,5.48476,9.64518,9.68207,4.31063,8.11818,10.227,10.6357,4.91121,9.44454,11.9748,11.7746,9.29648,7.94276,10.3995,4.24626,7.91769,8.44737,10.5832,7.95059,9.56901,9.26404,9.01969,8.97918,7.49745,7.4785,7.98461,8.32082,3.95137,Normal
7.13112,8.0192,10.9054,12.0183,4.27539,10.8694,6.57807,7.89192,7.27052,10.262,10.3953,4.55477,8.27699,9.88365,10.8515,8.53671,10.1352,12.7167,11.3309,8.27518,8.76727,10.8515,4.062,7.61709,8.36226,8.93055,7.96993,8.86224,7.8805,10.3746,9.03646,7.86727,8.3242,7.35101,6.08002,3.91082,Normal
8.97319,7.7886,11.5635,12.1543,4.6263,11.1083,7.18306,8.09967,6.18413,10.6742,11.3899,4.95176,7.10138,9.67721,10.4812,7.14259,10.6104,13.0616,11.7143,9.4192,8.88816,11.1671,4.15009,8.09756,8.25769,9.46254,8.34741,9.36411,8.4511,9.80295,8.89537,7.8851,8.84567,7.64887,7.09086,3.92047,Normal
7.82414,7.86242,10.6304,12.0249,4.45053,11.0603,6.73336,7.09697,6.3958,9.15789,9.49253,4.18812,6.98165,9.20125,9.60198,11.9384,9.62554,12.5731,10.6472,8.74071,8.21282,10.5418,4.55906,8.34112,7.85787,8.60196,7.59207,9.34314,5.51318,8.70671,8.48722,7.84687,7.16381,6.46834,4.83909,4.14999,Normal
8.71131,7.35131,10.448,11.8673,4.53248,10.7834,6.48293,7.47676,5.57189,9.93885,10.7398,3.95588,7.94877,9.80166,10.6736,7.75728,9.46359,12.5144,11.3966,8.92975,8.57417,10.1561,4.64393,7.53806,8.14327,9.47603,8.06209,9.26924,8.74094,10.2125,8.82348,6.88676,7.95095,7.67439,7.46918,4.10743,Normal
8.80129,6.50552,10.177,10.1166,4.42309,9.78134,7.21862,7.33387,6.77986,9.04544,9.4373,4.88624,7.0553,9.04218,9.77938,10.1363,9.41597,11.3708,10.9531,8.07091,8.02191,9.57825,4.91503,8.49324,7.39835,9.51909,7.02541,8.88674,7.50812,8.89643,8.34853,6.86189,7.34246,6.37174,5.52111,3.84854,Normal
8.85622,7.72319,10.6304,12.1543,4.56442,11.1213,6.77467,8.29704,5.72784,9.62381,10.2776,4.36673,8.12117,9.88878,10.7618,7.1048,10.0504,12.6656,11.444,8.83544,8.86177,10.7883,4.40423,7.48676,7.81877,9.42868,8.45711,9.83226,8.91199,10.2781,8.96572,7.99228,8.60939,7.57425,7.41951,4.05782,Normal
7.40607,7.65531,11.1237,11.8201,4.73724,10.8012,6.48467,7.78314,6.5433,9.77876,10.3826,4.85885,7.08751,9.46386,10.1332,7.0397,9.90916,13.1927,11.6525,8.75912,9.11238,11.152,4.40203,7.66733,8.08454,8.90279,7.79432,9.18552,7.87224,10.5177,8.8515,8.02885,8.74275,7.87851,7.49048,4.21203,Normal
8.01739,7.36374,10.6574,11.6006,4.67458,9.85445,6.8497,7.25261,7.06889,9.4944,9.83654,5.84283,7.97944,8.97406,9.74897,10.2616,9.13651,12.2851,11.4431,7.8372,9.03756,9.87297,5.41843,7.67885,7.79714,9.28507,7.97067,8.70095,6.27319,9.17177,7.47089,6.59208,7.44293,7.51477,6.0222,3.80349,Normal
7.68928,7.88898,11.4947,11.9202,4.46951,10.5337,7.11789,7.58353,6.43541,9.90583,10.8038,4.73013,7.49017,9.81866,10.6801,9.41948,9.85445,12.999,11.5056,8.78489,9.03026,10.6713,5.08391,7.60228,8.11304,8.9895,8.33967,9.17589,8.87527,10.0384,8.71463,7.87171,8.16657,7.59147,7.35175,4.00944,Normal
6.68995,7.35676,10.5592,11.4512,4.69474,10.598,6.05675,6.65338,6.71537,9.18413,9.39026,4.6117,6.60678,8.52354,9.35341,8.99474,8.47683,12.368,10.6957,8.59521,8.50348,9.83424,4.60774,7.68601,7.98081,8.03953,7.06789,9.48454,5.24626,8.23656,8.00982,7.76881,6.55498,6.73976,4.82172,3.96321,Normal
8.0497,7.6998,10.6612,11.5749,4.71626,10.2898,6.63304,7.45516,6.48293,9.2727,9.54535,4.64384,7.08381,9.37627,9.897,8.11728,9.66646,12.693,11.4915,8.19954,8.666,10.72,4.45321,7.74388,7.92626,8.76431,8.05442,8.52408,7.72788,9.15237,8.12733,7.87968,7.52311,6.94479,6.60645,3.97562,Normal
7.2105,7.18131,10.3395,12.1256,4.75765,10.1198,6.80624,7.6392,6.09382,9.80632,10.0656,4.87606,7.08502,9.53397,10.3018,9.34214,9.69295,12.6961,11.328,8.37083,8.82754,10.5099,4.68802,9.03381,7.87076,9.14305,8.00884,8.63116,6.82517,9.41157,8.22445,7.45076,8.02444,7.09239,6.69515,3.94609,Normal
7.70843,7.61329,10.4325,12.2298,4.80875,10.3285,6.56521,6.99095,6.75462,8.83252,8.96786,4.92278,7.48425,9.51209,10.265,7.09855,9.75826,12.6656,11.4968,7.93725,8.31084,10.7714,5.02541,8.58903,7.70552,9.26353,7.98359,9.20379,7.96502,8.68008,8.93447,7.24369,7.34652,7.15504,6.43617,3.87107,Normal
8.14167,8.47754,10.5875,12.6625,4.46631,10.9207,6.78076,7.54761,5.908,9.91884,10.2308,4.64334,8.34222,10.0501,10.6898,7.86762,10.3597,12.925,12.0354,8.77923,9.15302,10.9799,4.51341,7.8851,8.4856,9.31567,8.52456,9.43459,8.60648,10.1324,9.08732,8.2472,8.64841,7.88086,7.61034,3.853,Normal
5.46629,6.31329,10.345,8.51106,4.48729,8.62964,6.81638,6.16525,6.67188,5.99176,5.52469,6.185,5.36402,3.91308,3.95693,13.4254,4.3882,6.0654,5.68538,6.67389,5.69083,6.37541,4.12092,7.68128,7.47405,6.06148,6.58477,7.08559,4.66614,4.04483,6.87368,6.01101,4.16745,3.70405,4.12978,3.9303,Normal
