GABRB2,NPC2,LGALS1,SORD,TOB1,SLC20A2,ZBTB5,ST3GAL5,FGFR2,TG,DIO2,MMP1,CCL21,TFF3,RNF24,TRAPPC6A,HGD,MPPED2,SRPX2,MMRN1,RXRG,TNXA /// TNXB,DLG2,DIO1,OCA2,CDH16,SLC26A4,KCNJ2,FOXE1,CITED1,DPT,ACTN1,ID4,PPAP2B,GPM6A,ADH1B,PRKCQ,TSHR,TPO,PXDN,LRP4,ABR,FAM189A2,TWIST1,IPCEF1,RBM47,BEX1,DEPTOR,CSGALNACT1,LYVE1,CLIC3,LRP1B,GNA14,EPB41L4B,GPR83,BEX2,IER5L,FHDC1,AFAP1L2,PRR15,NMNAT3,IPW /// LOC101930404 /// PWARSN /// SNORD107 /// SNORD115-13 /// SNORD115-26 /// SNORD115-7 /// SNORD116-22 /// SNORD116-28 /// SNORD116-4,ZCCHC12,COL23A1,C16orf89,USP51,LRRK2,GLT1D1,LPAR5,PKHD1L1,RP11-476D10.1,LIPH,RP4-813F11.4,DYNLRB2,BC017398 /// CTD-2314B22.3 /// DQ786293 /// DUXAP10 /// LL22NC03-N64E9.1,OTOS,Class
7.605964478,12.60014033,13.03795859,9.013579276,9.427768274,7.329465219,8.441085255,8.670418231,8.068035531,11.42943496,8.578407876,7.949816494,4.694287688,5.166787168,8.509507184,7.66194508,5.435717518,5.279555787,7.729013308,3.115188451,4.468897952,5.796126785,4.25347484,10.83674358,5.605793996,6.185950155,7.607867867,8.009169143,9.179889476,6.096231951,7.783368156,10.88912694,11.57760263,9.37301957,3.410857251,3.661980746,7.267502158,7.417347203,6.436398332,9.346993644,7.232538879,9.062079489,6.971090831,9.603761764,5.802762737,10.01925013,5.469409545,9.675718208,8.42359272,6.908321364,5.589446707,2.84922276,6.071604022,9.961253696,4.428848747,7.052333985,8.036866336,7.39216357,8.052172341,5.21402189,6.744425385,4.070350591,5.40751425,5.152505762,8.316910188,6.298883901,4.527531188,5.904280177,6.762946499,7.990751774,3.105735894,4.953107264,4.846854565,4.390990785,8.802761027,6.503822624,0
5.828795771,12.52428959,12.34738941,9.051960271,9.685354184,7.768238816,8.583295896,9.652431474,8.999295071,13.62312135,8.206186273,7.4856971,7.726136175,8.051371626,7.100145512,8.223821303,7.097956719,9.129596584,8.415928876,5.390748757,4.227860612,7.232268243,4.123104754,9.35709605,5.877164674,6.660573868,10.51188856,8.241670237,9.855946491,5.557578003,6.202140162,11.52228019,12.07001349,10.48187583,7.273642076,7.791708915,8.322912034,10.87157843,10.31683785,10.582302,7.400617044,9.240578082,9.414456058,7.117168897,7.948355514,11.01092407,7.504015334,10.45749998,9.381747538,5.556731976,9.352013855,4.741222089,7.07140572,10.3439202,6.102166977,9.953076785,7.740718277,8.511504234,7.639753176,5.654211198,6.632275642,9.425702546,5.075449885,8.053076778,9.181823705,7.394919054,6.458077452,6.203975301,6.407692323,8.852280013,2.99818038,5.765066466,3.994820283,5.46854552,6.383031202,6.562376458,0
8.656085296,12.98078532,12.74335724,7.275560433,9.462772854,7.219183422,7.998086221,10.58820219,7.237742738,13.07998341,7.202787222,6.957017811,5.449110903,6.206280304,6.736314375,7.336333766,5.664831036,6.263161841,7.93737937,3.036027356,6.57925117,7.026276335,4.114580802,6.899014867,5.774881435,5.610419472,8.080430978,9.971031519,9.038090954,12.09914264,7.360992764,11.45147428,10.77361985,11.02766637,4.002411159,4.433867581,7.211907163,9.666833007,7.8790646,9.809417434,9.659701904,9.494399227,7.516074902,7.672158318,6.250102878,10.0235948,6.674613068,8.093692009,8.19917033,5.367174511,8.200889839,2.515895106,4.542092887,8.638861516,4.71492428,9.103500334,8.233394797,7.958208297,7.077440745,8.268427969,6.147915059,8.562945347,7.638832791,5.719900691,8.222522764,6.915662577,9.827980236,6.282869332,9.471526461,3.160334856,6.164854343,6.046303382,3.852883057,3.848862687,7.822438782,6.195278735,0
5.693745881,11.22195411,13.86164377,7.082547889,8.573729912,6.019746919,8.037669458,8.908410949,8.475677117,5.623517328,6.742932047,9.308939149,5.61306839,5.218528435,8.455785522,6.865524861,5.491443253,5.943509654,9.467194953,3.632316866,4.008428166,6.323687606,3.916586431,3.193451533,5.721539784,5.061082092,2.8678204,8.742697904,3.289417683,5.956638243,9.086853122,12.20483552,7.457940917,7.776952582,3.631775247,3.968495592,6.031955139,4.279684278,4.602991404,11.16049218,8.859229768,9.395184784,4.712845522,9.218864289,5.107654509,7.020969917,6.056314486,6.451997134,8.005070895,7.113481329,4.979643625,2.991833773,4.209112598,6.105769572,4.917791685,4.606206277,8.228452235,6.81745806,6.181948099,4.208364061,5.730149251,4.91944555,4.852069926,5.37609002,5.088024066,7.027291324,4.853598393,5.996152804,7.281430474,3.0674596,3.117386383,4.803078566,3.521377761,4.544311272,9.130784322,4.907970936,0
5.112835165,11.17028608,13.77666935,6.413435512,8.713685224,6.343519918,8.14028489,7.2897085,4.495883976,5.251822488,5.770457447,13.9614902,5.502544166,6.001773523,7.87553496,6.728526737,5.57625168,3.356860249,10.366187,3.322953371,3.978573566,6.449809411,3.957592385,3.365252284,4.99501788,5.599292537,3.20646909,8.157472521,5.887873875,5.915957779,6.053451123,12.46708276,6.685430825,7.884747724,3.517803543,8.158907184,5.876223332,3.771422879,4.01753289,9.736632425,9.693779247,9.048128401,5.789517314,7.408526211,5.400665085,7.236381626,9.229000764,4.782624353,6.485014849,6.503611952,4.84675738,3.019795072,4.273388839,5.471219321,4.626662109,7.341230482,7.837770695,6.680477011,6.441680729,4.071749922,5.303408705,7.363525278,5.111347912,5.425564912,4.971615851,5.131751687,4.914105413,5.660061396,7.832176076,3.030581266,2.920598225,4.726135331,3.700767985,4.2344519,8.410071033,5.344169266,0
4.846139377,11.21271564,13.77845114,6.753486886,8.247662414,6.49264643,8.368515846,7.345209779,4.917451297,4.846207213,5.120463644,7.006513277,5.589457132,5.334925554,7.387616858,6.814141868,5.773857014,3.07755965,8.700631012,3.396093081,4.39343,6.575565294,3.81758261,3.645665152,4.998693689,5.739406631,4.73617135,7.286586986,3.300751177,6.233393558,5.848269828,12.50976155,4.810474208,7.669655899,3.465672626,3.648121783,6.658943945,3.70634919,4.606132988,12.17857664,6.750508114,9.571431748,5.440359912,7.52426683,5.906634615,7.717358368,5.581108819,6.444221234,6.78754714,6.526128432,4.9937762,3.104421245,4.07439391,5.722429376,4.582850024,4.451496605,7.737165333,6.759851503,5.969983203,3.959561881,5.501801066,6.304348813,4.824451644,4.9592839,5.535283799,6.05708738,4.707625752,5.594930604,6.082310519,2.994345676,3.07086798,4.582708163,3.547311923,3.961762556,9.132062339,5.335937886,0
5.275935258,11.63558563,12.98448904,6.194398955,9.604519863,7.865238809,7.747833161,8.291883918,4.422545077,5.158156236,6.568416497,6.979027729,5.6978028,5.655030987,8.451909441,6.530430586,5.133435148,3.275985206,7.643586172,3.226474307,3.898881292,7.616208935,4.149759801,3.495693726,5.139138153,6.147310744,3.109545532,7.321368659,4.375377325,5.936743377,6.75949154,12.6830381,7.117282641,7.782999894,4.904686887,4.368970159,7.410604435,3.646342971,4.576269011,10.70313096,4.781628221,8.997703751,6.004327796,7.880852544,5.610319021,8.913813621,5.662799507,6.727385604,7.899618751,8.519140133,6.729565456,3.741367602,4.870433323,5.945967177,4.667218279,9.265551062,8.215927672,7.488071088,4.633266865,4.392692265,5.820491193,8.019786586,5.150352514,5.67561544,5.251172876,6.449583928,6.04868308,6.016146781,7.287543354,3.442601923,3.034167611,5.812432684,3.839443299,4.326590569,9.491542745,4.794017582,0
6.976297859,10.47267695,12.90527488,6.884483877,6.986479126,6.409384482,8.184018875,7.949008727,5.384019366,6.663875569,6.64637886,9.040164559,7.237922116,6.887523342,6.490781293,7.562078495,5.914178009,4.50524817,8.930737836,3.182397172,4.82622719,6.541967959,4.717346092,3.316194921,6.587837769,5.056359497,4.587125409,7.990272571,5.272831789,6.640298321,6.884751109,11.83295386,7.824930399,6.896950113,4.228180672,3.963816417,7.319216426,3.907642303,4.236561864,10.43844863,5.498358909,9.126388578,5.321849434,8.8890127,6.084857315,7.897672319,5.980276698,7.035022785,7.589176655,6.569373994,5.222108148,3.443561158,4.962427787,6.343085346,5.481450715,5.266751521,7.779445457,7.631816786,5.615171239,4.734842484,6.089548307,7.209468369,5.254607179,7.023780066,4.74194649,5.71191288,4.560860902,6.1065815,7.151227198,3.141516482,3.192626605,5.041342311,3.704124609,4.56100986,9.348811014,4.387061024,0
6.055378608,12.29596277,13.82670216,7.039062124,8.986617138,7.217196622,8.03060759,8.317168259,5.392082383,6.773360694,4.568464255,8.917261769,8.203002892,6.720483052,7.806185526,7.879745459,4.857506457,3.042004225,10.41802506,4.485162923,4.40816641,6.054920811,3.739999489,3.484692063,5.484089546,5.288169304,4.597108642,8.35812164,4.570293224,6.164017319,6.197925556,12.35830657,6.594542447,8.265068994,5.484553724,3.612869018,5.879827547,3.589243154,4.805696943,11.54561596,6.023663256,9.468042526,4.835881122,8.506996487,5.066540203,8.519891114,5.823333439,7.244544453,7.521121053,7.305485182,4.572042767,2.975194864,4.403865592,4.635619561,4.699378742,5.908529481,8.654434293,6.391027211,4.433860467,3.685728401,6.462317188,8.090113772,5.069228185,5.041123324,5.018283402,7.090091354,5.975300254,5.875384727,7.623652969,3.042004225,2.923366786,4.708716298,4.644512774,5.248903102,10.9580667,4.831260447,0
4.980064833,11.51186996,13.67417144,6.46179277,9.322685349,7.005970118,7.517383439,7.713684179,3.904127346,6.559089812,5.314929896,12.08726853,5.845457577,5.628685597,8.498386221,6.967821695,5.33137855,3.423265132,8.601211099,3.847010416,4.094200488,6.743618743,3.893217461,3.416325497,5.396089716,5.946954041,3.859022297,8.67496024,6.644969697,6.057016571,6.405601461,12.26391817,7.804071832,7.914494675,3.1865836,4.118871157,6.138192069,3.618834591,4.740704706,10.45711681,6.986914808,9.157824148,5.282929048,6.121580739,5.965645315,9.377804495,5.74087817,6.490034036,7.336473753,7.689076953,5.088923203,2.801194847,3.917101431,7.110758255,4.346978367,6.705757108,7.348785314,6.40788696,5.104815943,3.981675821,5.795150124,5.90542466,5.287345186,5.074101794,5.136030049,5.641269005,6.185087946,6.845295734,7.271917542,3.215809788,3.155216741,4.338004348,3.327574438,4.401071356,8.802574271,5.096743523,0
10.13194619,13.86198486,12.48943693,8.773694728,10.24300931,8.329783716,8.952398451,12.19839879,8.491167628,14.29299069,7.861412355,3.632587783,6.089643126,8.120671725,7.215086947,8.440367446,7.357119818,7.903159537,5.226962241,3.192145808,8.980980807,7.730351675,4.172428757,11.11713355,6.207063769,6.581586616,9.330413321,10.55390325,11.21102989,11.05350816,5.631090947,10.39033827,12.53222598,13.03713359,7.017450957,4.579038214,8.223163063,10.51693204,9.916441086,8.560118794,12.57381383,10.03651742,9.687582373,4.742132271,7.874033151,11.1209159,6.898505174,9.151807016,8.642993581,4.706957194,10.17739485,3.876021461,7.458807738,10.43719441,4.873646625,10.87217656,9.215796873,8.077287869,8.804436294,11.14346729,6.429346551,10.21801256,13.0010268,6.679452381,10.57117528,7.402388306,11.14258257,8.623330315,10.66589023,6.119672559,9.380257397,7.495194028,5.889682068,5.265551486,4.409179085,7.31511538,2
11.16259699,13.89685629,12.57536377,9.334937878,9.708942504,8.127744098,8.844481518,11.86172313,8.31177089,14.25202468,8.128510647,3.632223662,4.933487513,6.61368281,6.754854748,8.386090761,6.34769519,6.837412346,4.89750384,2.883636534,9.118589165,7.479414299,4.154941531,8.042992909,4.882807296,5.531025089,10.38402816,11.17135866,11.03037214,11.8614533,5.83430994,10.28483107,12.18346568,13.33883017,6.766776618,4.492451545,8.047408385,11.93462455,8.609925032,8.534221558,12.75291509,9.8203798,9.348561411,4.250518818,6.253547328,11.45227548,5.981730524,10.24549882,8.101908813,4.799647764,10.76785269,3.306655835,7.415308453,10.72796326,5.342254592,11.14918472,9.16436803,7.910147345,8.459693355,11.03988953,6.621432333,10.75242566,13.99892136,7.017403962,10.38956386,7.33106171,11.58121403,8.180938073,10.41755651,5.051851732,10.42224358,7.547504972,6.256760656,5.280274073,5.357437242,7.296332936,2
9.272776801,13.97872734,11.92787354,10.32853921,10.00750082,8.52851446,8.694779338,11.89320515,9.628213846,14.48143951,9.511934454,3.3829598,5.776651008,7.723356045,7.065716691,8.534871795,7.982726031,8.027638594,4.294851274,3.155086463,9.301907121,6.953945559,4.657800032,9.087038029,5.670563509,6.308371331,10.12919823,8.13156782,11.01925651,12.31183786,6.045353105,10.1476215,12.28797295,13.45403687,6.754686064,4.3381528,8.513820432,11.80453619,10.95711934,8.295015593,12.53596499,9.443931391,10.0201542,4.269062592,7.265471131,11.71590726,8.335265077,10.07400355,9.238695958,4.573999325,11.72744465,3.310077609,7.274549964,11.19293727,6.460773014,11.05366923,9.163013133,9.018204798,8.735953053,11.30367019,6.887657614,10.33866805,12.84543661,6.934150344,11.2322888,7.89985691,11.24012397,8.317582427,9.867648518,5.976547225,8.833845224,7.458197825,5.941472274,4.956291324,3.119907938,6.850537715,2
10.28511348,12.85808854,13.05654138,8.431748904,9.943263646,8.411681421,8.57813717,9.340768499,8.101494919,13.59690255,9.134010798,6.196804074,9.367670209,7.470227638,6.914591897,7.307392451,8.382797045,7.901679668,8.095751528,4.702335671,5.911170044,6.990445432,4.38037484,8.728176904,5.726342025,5.871326159,11.08328585,9.943406197,10.48294136,8.692176623,6.749812882,11.94846213,12.2146786,11.75165577,5.617582284,4.375919485,7.825912235,11.21705195,9.659037079,11.19615115,10.05718053,9.173831417,9.167159067,7.379809249,6.907585017,10.68561702,8.281909346,9.236512109,9.555782597,7.025975896,9.557694879,4.996704384,6.946465389,9.926113724,5.536123344,9.582175854,8.345537646,7.835396662,8.04258365,7.972044163,6.40912244,9.075961409,8.118961077,7.692993203,8.80736029,6.686814934,9.479811749,6.837763924,8.700716994,6.96703631,4.387687225,6.070578451,4.301539704,5.868840932,7.412287107,6.602749197,2
6.226660589,13.62842193,10.48478311,7.435014447,10.77442936,8.836291541,8.759878807,11.15219381,8.945652377,14.55496229,9.588137334,4.94015401,5.283390622,7.502682502,7.433523731,8.456026066,8.438307626,10.17863453,4.290869703,3.510389252,7.998338404,7.020207716,4.331915737,7.603278436,5.239627976,5.816387453,11.32913209,6.941143057,11.03220072,11.80688032,5.135228352,10.16945078,12.37580377,13.47442591,7.281811407,3.835439592,8.96325169,11.82742541,9.582852546,8.803357099,11.68486913,9.412680228,9.073094872,5.666600959,5.570253291,11.33019425,9.226889885,10.24909204,7.6405114,4.793329727,11.82237348,3.914307155,7.84846984,10.72310854,5.379649735,11.07730053,8.411751879,9.391259883,7.737775341,6.953772391,6.67763606,10.65384197,13.07991911,7.74128694,11.58354279,7.761215168,12.62281707,7.965528676,9.515122272,6.508601745,10.78493469,5.937565359,6.07573728,5.497590264,3.443381753,6.682425342,2
9.757743897,13.53541213,12.60007358,8.381171549,10.16995159,8.640387006,8.676332343,11.29186138,8.22771584,14.01782679,8.705845958,4.331186169,7.879779854,8.00886496,7.34562639,8.08564507,7.093963953,7.513497416,6.373401449,4.764873379,8.527626222,7.653962542,4.279265356,8.626446111,5.580897568,5.893207714,10.08552683,10.89512455,10.70405831,10.52927353,6.337800167,11.50527321,12.16595214,12.74969159,4.966033781,5.296862625,8.011650115,11.5190583,8.697542503,9.713475522,11.59392156,9.735540828,8.825175331,6.135353428,7.055383191,10.9192668,7.201845358,9.85180154,8.733595059,5.585943935,10.67690419,3.844218549,6.571083553,9.882685057,4.734086706,10.29190818,8.581068771,8.364590067,7.887108547,9.481165815,6.327309895,9.81819857,10.89189137,7.458323183,10.43131681,7.239667915,11.61306465,7.601426791,9.70714146,6.185154111,8.693554221,6.173919318,4.871875255,5.189082829,7.79332137,7.420815685,2
11.37640421,13.91062243,12.46870604,9.96081379,11.12781738,8.176671307,8.797876432,11.37433885,8.639116857,14.0873269,9.106985924,3.360790004,5.77021754,7.614802053,7.079705416,8.241555345,6.50482052,7.168703421,4.689655349,3.111551859,8.628421637,6.918061201,4.457292562,9.593712399,5.648194789,5.900311056,10.08043988,11.45935894,11.09803383,10.62303139,5.625759994,10.46017522,12.11134576,13.1972218,5.35832751,4.297813538,8.153863975,12.01361611,7.430231476,8.043608434,11.43986944,9.124045584,9.651910053,4.061113213,5.700380308,11.08776186,6.125778411,10.7983543,9.427084777,4.742846667,11.25169715,3.103189556,7.310983336,10.57574305,4.152395991,10.92260692,8.074900163,7.961310297,9.055369562,9.890665929,6.644552632,10.51746156,13.38860757,6.622782564,10.30206939,7.740794975,11.45051236,7.603732061,9.896314212,6.436462786,9.512052039,6.649499583,5.775118514,5.610403601,3.942987884,7.268249138,2
9.407719109,13.26559712,12.12673934,8.275027569,9.769040551,7.738625586,8.712454189,11.40236366,7.818916681,14.12364365,8.327174894,3.612017693,7.803088296,7.372977737,6.961523594,8.072665374,7.267415926,6.719154928,5.316728716,3.525559765,8.405538526,8.046054211,4.429004189,9.785838572,5.250824802,5.995430691,10.20492378,10.46447252,10.66742981,10.71824903,6.614597796,11.00754241,12.05981353,12.74519882,4.976907973,6.521976719,7.903724993,11.33734063,9.313383726,9.374422927,12.15915405,9.896574284,9.244095128,5.486087389,7.18010582,11.3391411,5.886421248,9.241323885,8.249002824,5.237149462,10.24833411,3.116998251,6.3283332,9.941532499,5.818114659,10.25320713,8.750962122,7.967758202,7.723550137,9.738553086,5.836693761,10.12408575,11.79583581,7.343064551,10.92303159,6.926288625,11.41825608,7.460310702,9.496649031,3.970784309,8.529713336,5.902556667,5.571275284,5.424386239,5.373907971,6.931034017,2
9.936873442,13.19806231,12.78769567,8.466571459,10.22385377,7.43656889,8.518920081,11.33224157,7.938021059,12.87458274,8.372452985,4.119990977,8.124509993,7.433097854,7.586616634,8.206736129,7.039078707,6.403961371,6.622821517,3.31660362,6.230407666,7.689226691,4.070773078,6.036084572,5.794105643,5.7649229,8.094643395,9.125244839,10.42366247,8.508492327,6.808200542,11.30460553,11.21093684,11.64628311,4.7180164,5.226110503,7.977362402,9.857116345,8.704459207,9.502353132,10.776965,10.10553822,8.034571687,5.558170251,7.236741393,11.02908024,6.222712631,9.47591923,8.256215078,5.640547404,9.328722285,3.283602873,5.38152619,9.390361148,4.885391715,8.926192471,8.433797982,8.266860255,7.732013603,8.502727063,6.576204216,8.881317124,6.322036311,7.144311499,9.461243411,6.711362457,10.83951671,6.92670536,8.845995407,5.497902811,4.729863474,6.568835122,4.597547778,4.484384466,9.4299951,7.623028829,2
10.41981357,13.59987012,12.08555042,9.536137725,10.08085183,8.534505768,8.65740773,11.33722837,9.06698751,14.10374824,9.428371092,4.426921839,7.004888538,8.488620208,7.26885534,8.644809905,7.489424593,7.188503979,5.28994695,3.380722983,8.716134627,7.927499986,4.633161313,9.488578993,5.725229115,6.583783771,9.866379504,9.469215891,11.26908608,12.40778798,6.533610575,10.63707692,12.10586156,12.76438915,6.503581352,4.577035716,8.51829596,11.56311268,10.23594057,8.790422949,10.26505871,9.547222436,9.365448427,4.790678579,7.407055759,11.07983062,7.576615454,10.04327164,9.927367106,5.491803763,11.0947909,3.773796084,6.234260169,11.0704415,5.239012965,10.27282812,8.25177585,8.708251477,8.808223603,8.649075733,6.792295102,9.944615464,11.97234457,7.310149203,10.69423016,7.746735743,10.07406925,8.023989788,9.849547158,6.001581819,6.20121571,7.002333274,5.839949389,4.769860512,4.245463822,7.083984933,2
9.573298367,13.39853577,12.58225523,9.573808681,9.920443032,8.373536026,8.710417465,11.78537475,8.408501892,14.2845909,9.715497369,3.249193627,7.299543387,10.16325243,6.619975962,8.119705235,7.88374596,8.722972421,4.608322728,3.648927877,8.265611371,7.39273226,4.970775542,9.567758544,5.69483209,7.499131979,10.78699919,11.05748316,10.74147788,11.84761745,5.707606334,9.769073816,12.93435137,13.37117,8.154666597,4.903213446,8.42586588,11.8070119,10.78690091,7.444024506,12.53312831,9.40369685,9.97230242,4.507296941,9.909349234,11.26625115,8.665094821,10.78352148,9.553277351,4.809645814,10.80364742,5.617100393,6.861071316,10.01929628,6.416281926,11.05361244,7.582386876,9.164324503,8.204414525,10.84757561,6.757383809,10.68442376,11.4392584,8.203252646,11.21768463,7.538187806,11.71591218,8.59046443,9.806393011,7.566003051,8.963496673,6.763693183,5.20512961,5.865956135,5.618120809,7.372210156,2
10.79269261,13.7976455,13.08580273,9.247139936,10.96368465,8.512271662,8.442824545,11.46911337,8.15360858,14.06316414,8.726521802,4.594549059,6.070692239,7.770998301,7.759926179,7.880763805,7.211508245,7.913324926,5.94349063,3.466836823,8.510515653,7.419169675,4.210659151,7.401474767,5.166722738,6.258663282,10.09330718,11.16292309,10.89653721,11.63619315,6.479837733,11.24706071,11.73323932,12.95082242,4.940682545,4.7402542,7.72561926,11.46663976,8.549476911,9.009322648,11.77309637,10.16919335,9.145077867,5.550787934,7.279126696,11.55146292,6.419655359,9.252230772,8.905360635,4.723325837,10.30833325,3.85422332,6.427064707,10.11690821,5.447516317,9.896176771,8.539415886,7.96345698,8.663802357,8.599953003,6.182768233,9.544220775,11.26355354,7.648519898,10.26131653,7.43227068,11.590031,8.130159016,9.315425603,6.369493095,8.69704978,6.722288804,5.781063825,4.375647653,7.697223939,8.051018683,2
8.611902196,13.73243547,12.74474676,8.259766146,9.875106993,9.14384108,8.419058608,11.72011124,7.985268483,14.02166518,8.051273079,4.1650826,7.123664815,7.475723172,7.631467985,8.220825605,7.091635671,6.196455938,5.064269419,3.41282967,9.307807282,7.217904045,4.01368865,7.339856919,5.354998164,5.801037002,9.820243808,11.29042356,10.80002506,11.52419632,5.990229522,10.40329398,10.97512123,13.17680576,4.403012179,4.071421517,7.742583927,11.41913022,9.492276219,8.593458158,12.33985086,9.827732565,8.527011763,4.292858621,6.481844846,10.92389524,7.563684056,8.575130648,7.176572101,5.470602781,11.22189124,2.940820937,6.130071411,9.380596758,5.249316057,10.37097518,8.28086089,8.818875332,7.807348955,8.86188592,6.245085253,9.502481916,12.72257052,7.052926805,10.62495275,7.001298979,12.15072254,8.279319155,9.502761387,4.305063652,9.448634808,7.026798298,5.60569374,4.990379544,3.911173614,7.545938624,2
8.242031685,13.92789763,13.1183769,8.613946737,10.30539405,8.193764775,8.630147832,11.38230244,7.441887486,13.585994,7.766452617,4.216800328,5.579080275,7.410454973,6.734013409,8.585787742,8.393638089,5.809302047,4.678727203,2.979526745,8.133189765,6.797863479,4.238230951,4.868937622,5.319095254,5.62947905,9.34395949,11.68728002,10.09130293,11.23846404,5.411540785,10.14145969,10.69806252,12.7474339,9.773472118,5.385322711,8.20415301,10.98507688,7.551475232,7.818924711,11.78469286,9.271203303,8.906722027,4.058929008,5.491568221,10.99825757,9.215085605,9.02174202,8.540502618,4.940928586,10.23612735,3.503610514,6.311094662,9.910555638,5.103840473,11.16130623,7.925318028,8.142119124,7.14813135,10.62034406,6.352927823,10.2446931,12.897696,7.761727358,11.15969143,7.230942734,12.01575022,8.264503565,9.753838598,3.769436053,10.66208331,6.925299897,6.086068765,6.69186579,3.67072262,10.08562799,2
6.880639876,13.76382798,10.99395247,8.146065328,9.148754625,8.642188882,8.5610562,11.68964036,9.278593595,14.30411643,8.92346999,4.103826081,6.686763579,6.995155751,7.000163764,8.982394439,8.266890214,8.409929318,4.513442103,4.556018382,8.853273819,6.864509756,4.929547215,8.327701749,5.252058261,5.549308147,11.43776567,10.01805915,10.24714744,11.34792362,6.190026243,9.3741981,11.64070801,13.25984198,8.888723113,4.289839001,8.493635518,11.5517708,9.377678979,7.511401585,11.99177836,8.676869834,9.241762388,5.255659396,6.132121013,11.08098054,9.480704169,9.365865039,8.140042717,5.397201406,11.39427593,3.531981362,6.846345501,9.827725029,5.285989541,11.44110113,7.613554235,9.910066742,7.426703054,9.414122533,6.461070591,10.67774449,12.82247927,8.618844139,11.5905323,8.089909022,12.49166539,7.97778186,9.909454374,4.624395081,10.82579691,6.675897382,5.84467547,6.329840351,3.793652587,7.657572634,2
9.881933434,13.88719549,13.18632599,7.843248312,9.799754271,7.961732753,8.777402788,12.13554849,7.711464307,14.4116363,7.060111599,4.135914579,5.339899921,7.905577575,7.176069664,8.9207034,7.756715465,6.990729075,4.878166185,3.373401452,9.729363539,7.053746104,4.004825656,8.99771418,5.426821604,5.932784096,9.553744832,10.83490175,10.93756383,12.61829879,5.400409531,10.61060435,11.74376816,13.43864245,5.936473545,4.162168811,8.212969911,11.18645818,8.547298669,8.389804902,12.41359813,9.711950439,9.785549538,4.98379534,6.807107245,10.86382816,8.113198764,9.056932415,8.82228598,5.505980978,11.34180323,3.119966463,5.925275232,10.08387319,4.619557707,11.46459361,8.712827407,7.958526846,8.336865544,11.00528291,6.314479454,10.4766414,12.79642896,6.539297556,11.10752261,7.812807046,11.75818124,8.899510095,10.70843883,3.793525659,10.58710229,6.96703631,6.365176619,5.581745174,4.220197115,9.02531736,2
10.1708565,13.72073331,12.06571015,10.28914655,9.967089068,8.16474704,8.676903507,11.47088846,9.091931814,14.49740567,9.903528615,3.577394405,5.616669883,7.415331425,7.114103823,8.516283711,7.430723835,7.199021187,5.140842721,3.305591725,9.203257099,7.576321923,3.961104292,9.675499228,5.669053338,5.802163213,10.72987087,10.16212599,11.24584278,12.59037825,5.734025445,11.09683451,12.68492865,13.5927033,5.20572133,4.013075509,8.551681764,12.10427225,10.09988003,8.77140374,11.90837263,9.700339914,9.715642091,4.224530525,6.806699866,11.38689334,8.009564568,9.994527252,8.776023606,5.095212222,11.91888424,3.349095687,6.697980488,10.78632382,7.359300562,11.10436216,9.034072906,9.077460815,8.905598993,10.90383295,6.534647866,10.81404019,12.7211647,7.560307401,11.31593365,8.201373296,10.72647535,7.831357991,9.70508194,4.497485888,8.764763338,6.509188378,6.18535376,5.970250677,4.415765279,7.02874312,2
9.932658467,13.6751084,12.01797574,10.58786619,10.33196176,8.701790521,8.769339712,11.484227,9.680321028,14.55906549,10.13601032,3.585076919,8.601348568,11.31912702,6.618798054,8.557181395,9.30475953,9.269208634,5.528807465,4.853357883,8.704969669,8.540735754,5.252016182,11.25112104,6.617050078,8.789101851,11.47987117,9.794233652,11.39946722,12.24614184,6.221921174,10.83629019,12.80681612,13.47043656,7.457187394,6.036368217,9.203149841,12.23602855,12.63754252,8.317295913,11.97629186,9.401993784,9.899310099,5.064533446,9.787417911,11.7229083,10.1312385,10.60177626,10.29364579,5.919254034,12.02359435,6.648291773,7.425356783,11.01816761,6.643711596,11.11887267,8.854998411,9.480109856,8.698871303,10.29421815,6.922888788,10.59138322,11.47901099,9.129315949,11.72779646,8.18117193,11.0568699,8.03811804,9.356716359,7.831425968,8.504739784,6.670606432,6.319416076,6.07312793,5.168993802,8.291941539,2
10.94625574,13.63310105,12.26164939,9.730206247,10.32379753,8.289106582,8.410856303,11.45781155,8.421735992,13.40665982,7.771514664,6.380266797,4.741477029,5.058821887,7.21340978,8.009366665,5.741783184,3.462550061,6.124175118,3.310257003,8.242691413,7.09446822,3.905167865,4.437962928,4.659541614,5.898939304,7.074692787,9.051817326,10.54422209,12.82298127,6.228129344,10.51270771,11.69960107,12.16213398,4.285732596,4.10962916,7.933193719,11.19588694,6.592018149,8.571279598,10.70642352,9.621060625,9.165801565,4.94338604,5.39184238,11.30278703,6.634629192,8.019605429,8.850361933,4.939455571,10.6765166,2.773316531,5.056196121,10.88247201,4.776710254,10.43548168,8.774591053,8.237877807,8.238991714,10.59622045,6.935368147,9.438955436,12.02115915,5.933268062,9.005086429,7.651597252,9.431789719,7.802609519,10.46963078,3.354216075,3.674820915,7.98683147,5.327749125,5.120749388,4.334130459,5.749121381,2
11.05696167,13.90609647,11.82962575,10.29989946,9.965229901,8.197759956,8.799077115,11.43516811,9.815580691,14.33030982,8.766435521,3.532124295,7.188725691,7.414948505,6.870029138,8.662311244,5.344633706,8.168602448,4.91360767,3.694985533,9.290362627,7.170266291,4.351122043,7.215341884,5.438367929,5.968667994,10.90502328,9.610559116,10.38951104,11.94159441,5.921217304,10.33411089,11.79860515,13.07422973,8.503443202,4.86054925,8.35510285,11.28462271,7.832532039,7.557006429,11.73214122,8.626674235,9.53254666,4.850575983,6.455672547,11.12872026,8.782141887,9.378152111,9.017835125,5.353385883,11.90192761,3.083933141,6.007816364,10.94117989,6.371634369,11.56657444,8.944919952,9.196688386,9.184489287,10.09852901,6.666727728,10.76212544,12.2948058,6.805221835,10.69442211,8.125944758,11.33939185,7.652880911,9.858788244,5.132314998,8.146132681,7.460054172,6.278423063,5.832866664,3.862058548,5.861306843,2
7.519864072,13.25411564,10.5603672,9.677959109,10.87019454,8.801943309,8.796672504,11.108442,9.163343942,14.66595647,9.748345593,3.985165482,4.807688224,10.64624873,6.59880259,9.161024898,8.929122231,9.596031964,4.312872137,2.975668677,8.458013968,6.732481237,4.164875494,12.332157,5.616883903,6.372036697,11.01132425,7.934453122,11.7611683,9.437559603,5.148488129,10.18370626,12.84179398,13.31215705,7.751149516,4.14621687,9.062067084,11.8938283,13.28698896,8.912240499,10.41722173,8.916636179,10.20568737,4.591265681,7.994611115,11.57804776,10.09888654,9.841529781,10.27690379,6.167351241,11.95203863,6.485863624,8.162191677,11.13182073,6.986287972,10.94524591,7.975065913,8.804864814,8.903715106,9.525245658,6.926809616,10.54989686,12.52491879,7.489435049,12.24554117,8.201200478,11.55489118,8.605391654,9.995237811,10.10548421,8.721335381,6.517064113,6.826453496,6.538157537,4.865470272,8.93502335,2
7.9516848,13.7692874,11.76047904,9.112664455,10.60246669,8.528878928,8.63179352,11.5230627,9.080554271,14.58704362,9.620415963,3.859247202,6.399044993,8.995840769,6.98497241,8.664344819,7.993300926,9.05805148,5.080863036,3.019188984,8.479156407,7.602774041,5.228160615,10.56263981,5.702015259,6.301394684,11.15891745,9.701177066,11.50490147,12.69308366,5.372884521,10.24066635,12.4418379,13.49926643,4.339929677,4.322675012,7.90403187,11.93243583,10.29745196,9.083204176,11.61726186,8.733486808,10.13050893,4.537196154,5.940909254,11.47323372,9.777891519,9.385871353,8.889743686,4.883480251,11.88042754,3.458262456,8.151921795,10.76606417,5.796937463,11.2969408,8.178125795,8.586329494,7.928966887,10.67917445,6.805305298,11.04692184,11.48863285,7.23680573,11.29201638,7.495942943,11.47545158,7.95610113,9.647914889,5.450290621,9.757925647,6.371837572,6.018659265,5.455719725,5.139358555,7.051012205,2
11.74780887,13.57173032,13.00558979,8.595836415,10.17210464,7.986043287,8.878129388,11.39475364,7.842545382,13.71258239,6.121598094,3.844440733,6.976051145,6.777749555,7.486329942,7.632487162,6.949513292,5.440473464,6.505216752,3.884130698,8.751043186,7.233129327,4.055987722,8.351586727,4.491970192,5.802467407,9.188694927,10.55647493,10.26563287,8.514129727,5.804319025,11.23930022,11.49102531,12.3441105,4.703646956,4.870638958,8.012973844,11.16260044,8.080693211,8.883260396,11.0512752,9.855990741,9.079000789,4.793890898,7.095459779,11.10316277,6.128306966,9.697677133,8.905798711,5.354909986,9.507269355,3.163561058,6.67881165,9.968372906,4.81026425,10.35993913,8.421608246,7.145702757,8.2267274,9.886946348,6.34742137,9.335348787,11.16702967,6.278243611,9.194269658,6.741204778,10.98655972,7.564572421,9.798363089,5.411903128,6.986211277,7.114860365,4.801593739,5.285322504,6.843340255,6.429682217,2
10.09394273,13.45923348,12.27633461,8.572124603,10.67760628,7.881674401,8.658654571,11.99921557,8.55109441,14.47196393,8.971716945,3.260279128,6.442727401,6.639438085,6.666782876,8.117605382,6.852855625,7.993453289,4.675179528,3.293222119,9.5472603,8.0701736,3.820153971,9.917179278,5.700287354,5.379363436,10.54990757,10.7196358,10.43801361,11.22418096,6.235425554,10.81435521,12.38515024,13.51048487,5.725352321,3.871856096,7.988539933,11.66665603,9.192006472,8.806893306,12.15635328,9.657220938,9.360043146,5.217149247,6.658606417,11.0108713,7.366026293,10.4741951,7.99776677,4.556243166,10.6292627,2.953101625,6.833064712,9.98147688,4.689462377,10.27194418,8.779573069,8.19855447,8.547575865,10.45922591,6.031402691,10.95935787,12.85329121,7.201114067,11.20215076,7.829963544,12.01671434,8.405584115,10.45793783,3.377710997,9.871001931,7.198756204,5.768790058,5.237186761,3.896912884,7.132789481,2
4.881415435,11.58823301,10.09150999,11.11956192,11.57349474,9.181856096,9.625036941,10.10331007,10.57311916,14.67991906,11.04802744,3.275552043,8.414883065,12.77943562,5.588019309,9.606735481,10.73096785,10.83767555,4.542247595,6.653804971,4.356877507,7.601264281,6.782321042,13.28907381,8.389491939,10.49154217,12.01400135,4.894571083,12.2375447,6.146511645,6.792873721,8.896412542,13.53922258,12.6036537,8.8768195,7.897367178,9.55655115,12.34387227,13.53985705,7.499559539,6.364222269,8.358175416,10.13996637,4.253463755,10.81201883,11.90072418,11.19151158,12.26024267,12.10637114,7.216178872,13.20270682,7.995307079,8.947221172,11.94118772,7.267239235,11.57651215,6.837695233,9.676792053,9.565585762,4.264210556,7.559953859,11.11138643,5.581879715,9.61511698,12.28778639,8.845389772,4.938220244,5.892429542,5.938230468,10.74258882,3.069331395,4.609078775,7.249529399,7.499229381,3.458175925,9.842517125,2
5.662249633,12.15295121,10.82984532,10.09487981,11.15820648,9.190515712,8.86283264,9.893380834,9.288533761,14.39830761,9.832329533,3.403515265,7.739760225,10.56990905,5.980829776,8.570790543,8.675550975,9.550850903,5.057947053,3.877995035,4.169768495,8.148845921,4.612209602,10.8889237,5.912889939,8.940831866,11.2837112,7.874190735,11.09699869,5.892581166,6.942910173,10.34158558,13.14968813,11.82201915,7.367131343,6.245647389,9.605314978,11.9399751,12.60806298,7.913412367,7.217365023,9.070612058,8.978365361,4.519069641,8.324677373,11.53293152,9.069167646,11.00109729,10.11314716,5.419246948,12.63248817,5.964549736,8.180273264,10.85071333,7.238642448,10.26783012,7.876289493,9.444369548,9.036231255,4.217470893,7.585643579,9.446761756,5.398616384,10.05953018,11.58799025,7.29827304,6.570087603,5.281468049,7.797758794,8.560510018,2.993236061,4.481478722,6.534322991,6.248099643,3.676545744,8.507722757,2
10.69548531,13.56311212,12.55938839,8.139395142,9.795754641,8.732838111,8.6726613,11.71659322,7.585911412,13.86432312,7.606576289,4.648853377,8.472098284,8.190635088,7.282138127,7.703882166,7.310967983,6.129722973,5.601327498,4.68583196,9.499677468,7.254326172,3.990774723,8.44481877,5.736867526,6.192060788,10.09187023,11.01459988,10.74985665,10.38938703,6.515633282,10.84975253,11.586995,12.93556539,5.226451652,4.432970588,7.983387694,11.4668552,9.769214095,9.269877083,12.21693013,10.13649577,8.589991353,4.356260321,6.573520066,11.10198176,7.32676121,9.212980203,8.644400736,5.912265257,9.937823561,3.831639946,7.063749759,9.79801046,4.853367138,10.0025243,8.806991136,8.530335289,7.778943518,9.949660915,6.091194367,8.958158856,11.55471646,6.826451761,10.79721818,7.316822508,11.64331877,8.65920469,9.738370824,5.163011255,8.923761714,6.760307336,5.79164615,5.734009798,3.851344153,7.103514377,2
11.07484234,13.54516487,11.81117187,10.70795569,10.63796123,8.626173993,8.631739876,11.42384559,9.642438456,14.41628799,10.12982695,3.578974059,7.163059807,10.94900547,6.603712584,8.552116007,8.583091999,9.046555684,4.811119552,3.51685985,8.092365899,7.852857946,5.086359811,10.21620885,6.042281305,8.191206094,10.7050659,10.40497223,11.34763551,10.53021588,5.689542795,10.55209228,12.65358876,13.3386969,6.943218776,4.413084982,8.537804799,11.71016159,12.09683832,8.164283011,11.88261727,9.442809291,9.706968793,4.724911905,8.80110366,11.34997244,9.387559911,9.640830352,9.594407888,5.26525248,11.53019415,5.581637336,7.321315811,10.89153875,6.212081605,11.1081878,8.364047577,8.872075052,8.90340972,9.614843001,6.551765316,10.49073045,12.69023757,7.914076353,10.89943992,7.913782914,10.70386887,7.188170872,9.41917875,8.225567295,7.571968142,6.855838016,5.83730795,5.788799089,4.223499964,7.831676308,2
9.232000422,13.04437182,12.31762445,8.221214172,10.07913041,7.860312669,8.428953492,11.15509593,7.799313816,13.10375875,8.094552142,3.346948172,8.366652489,7.112032295,6.938443098,7.699372077,6.732307052,6.239668967,5.164942264,3.120710309,7.743287538,7.519639489,3.776720967,8.776329949,4.974274886,5.646727743,9.574069832,10.4692009,9.738267511,9.654682538,6.361414361,11.16223972,11.89440039,11.9296853,4.060017838,4.174452687,7.812892258,10.58315131,9.291339071,8.799372734,10.98894552,9.555807961,7.91408006,4.715528587,7.333639939,11.12941077,6.261888988,10.05050772,8.569508785,5.298169067,9.870318806,3.155204897,6.276146929,9.190204198,4.646163352,9.697307389,8.102178303,8.066500369,7.069033572,7.616655608,5.366697312,9.254845403,8.657056474,6.907372754,9.682099119,6.542073766,11.26803615,7.212720822,8.934431392,4.024105002,6.603913655,6.081503931,4.118424767,5.199080151,7.627534491,7.102066477,2
9.978906885,13.35411678,12.17259559,9.210515665,9.892521725,8.188434005,8.776927776,10.74348764,8.206101544,13.32976141,7.994784767,4.62356997,8.586498208,6.314620964,6.93021984,8.336893832,5.802889599,3.814863854,5.093265656,3.482611743,7.76234547,7.932523732,4.271600456,5.991655968,5.034216355,5.343178853,7.963693976,10.00971778,10.8022422,9.857010993,6.423376432,10.81370029,11.65840104,12.03623527,4.370546638,5.357611695,8.947054498,11.00800504,8.683998136,7.618862047,9.793055072,9.413169436,8.249942005,4.884468386,7.868613302,10.80442455,7.064676121,9.18241679,7.927990531,5.306786822,10.7674687,2.830535235,5.780484915,9.670232996,5.416867803,9.734775629,8.36119497,8.419783795,7.739675583,7.837533425,6.216570867,8.271078344,9.780464349,6.875560799,9.228762593,7.582055732,9.834877602,7.680627967,9.101183529,4.694531577,4.266723858,6.551681937,5.580168336,4.464102689,4.079891465,6.109753393,2
10.98232601,13.67188006,13.03905649,8.033763602,10.0098998,8.333240203,8.456607305,12.25845442,7.71238689,13.83740193,7.06018657,3.505107473,6.5557255,7.766594024,7.292203391,8.478456839,8.470230545,7.4719177,5.077586052,3.312844082,9.186949231,7.688271158,4.023537722,9.802982178,5.651396781,5.855374193,8.999231181,10.81376332,10.59488196,12.59683838,5.792701515,10.37339787,12.02183167,12.85575611,4.958019303,4.669486083,7.713554555,10.10343862,8.363206088,8.744087672,12.68215674,9.549605491,8.833337626,4.750674096,7.312354068,10.86012987,6.886214115,8.672805152,8.362648654,5.536897223,9.593112987,3.558300097,7.179266355,9.292018289,5.399248847,10.7663774,8.879945194,7.632111511,8.684023042,10.04994288,6.367134998,10.15787108,12.87252793,5.609379001,9.901449438,7.472532945,11.58517589,8.64239704,10.4131408,4.910089376,8.997189961,7.727271076,6.070709896,5.349781332,5.622547197,7.529544032,2
10.60880254,13.35292833,12.15526148,7.707298594,10.57033121,8.159722987,8.235675792,11.69323937,8.576034728,13.79572452,8.578938111,3.376525049,5.974566036,8.094571078,7.010340409,7.718058234,6.734609304,6.258415762,5.700580478,2.858026635,8.434748904,7.676244896,3.991355507,9.504360436,5.378152325,5.639173423,9.254830822,11.30356905,10.557666,12.40237402,5.795981638,10.44504614,12.07692231,12.15363576,5.601822429,4.084442164,7.923405281,10.97213607,9.184694071,8.451746412,11.36219037,10.35160311,9.194478746,4.827632231,8.090486439,10.70507477,7.240257553,9.978029858,9.972044482,5.567826065,10.24256391,3.6853299,5.460534074,10.67338727,5.408460203,9.985789211,9.031406948,9.115370821,7.503926916,9.001640478,6.241292039,10.35170002,9.139714926,6.591002703,10.62742557,7.165808539,11.1509027,7.747308004,10.31491402,6.153806386,6.719398422,6.45736942,4.315575957,4.735184211,4.9820212,6.503326699,2
11.17435846,13.6718939,12.50234403,8.824937174,10.31197003,7.926531353,8.766999768,11.86661425,8.781252282,14.04768405,7.001795402,3.157834216,5.77609055,9.763472507,6.682518537,8.721994207,7.32199362,7.732031949,4.564458905,3.081712222,8.964910859,6.923934211,4.25046279,10.76077579,6.065479802,6.475889364,10.52362105,10.9529223,10.88637471,10.62307622,6.019801663,10.03610655,12.40629852,13.04651278,6.623121748,4.974172254,8.141149198,11.24118346,9.297349488,6.729587806,12.00229958,9.486732018,9.532509512,3.908968639,7.049845521,10.9665172,7.242412715,9.425939701,8.950684332,5.423865189,11.13846075,3.540980707,6.987618162,10.62893745,5.459509985,10.59552478,8.299974146,8.07000711,8.626961406,10.97716017,6.512765014,10.45244943,12.75034976,6.606543331,10.4621594,7.651370977,11.26274244,8.114106718,9.722202983,5.162624231,10.04733886,7.616080742,6.398129629,6.160525937,4.806593888,7.350170336,2
11.04811924,13.16297616,11.76479893,8.335619928,10.00554579,6.833638387,8.457433513,10.69086964,8.767862491,14.03253503,7.933890005,3.604179724,7.791068804,9.160523596,7.068761345,7.738938295,5.965113725,7.208826968,5.617250814,3.105078648,6.588264383,8.372132235,4.821763588,9.880668479,5.936701358,6.41835568,8.962038024,8.979574222,10.90426206,9.979309921,5.613905941,10.65500596,12.37185502,11.72837861,5.478477495,5.446459388,8.547282225,11.37112064,9.324129936,9.173914807,9.029875536,9.374851868,9.133457944,5.369197866,7.707165792,10.39041324,7.051114838,9.733689375,9.089743958,5.814391991,10.52779687,3.530483251,6.092269714,10.63671841,6.006523324,9.161482793,8.222439377,8.803691886,8.192163124,8.559248482,6.300225973,10.32541536,8.59381672,6.838480379,10.32425364,7.826496363,8.82059031,7.29174875,9.112994685,7.745281098,3.559774283,6.298398729,4.969636095,5.569421356,4.926077023,7.046295595,2
9.244746305,13.63619527,11.86756119,10.96900719,9.822859039,8.382536866,8.91097861,11.71529412,9.144787019,14.52080515,9.377889248,3.464690249,5.877936743,7.914805049,7.000130523,8.57502621,7.939525285,7.832983874,4.461023552,2.885893117,8.791086556,7.466959707,4.23338118,8.736804985,5.13873382,6.144336015,8.928099452,9.583206529,11.57437052,11.77468792,6.036797134,10.78479005,12.55919721,13.49454218,5.267520346,4.037751498,7.945344805,12.12746149,10.4519564,8.965441312,11.7356352,9.425493568,9.889983911,4.260711776,6.883749825,11.59581191,6.369892914,10.70196048,8.147925444,5.029152435,12.13465494,3.67868348,7.162706787,10.52472957,6.538434021,10.99622646,7.92947807,8.360635791,8.63840349,10.16675762,6.392786984,10.34227459,13.85074986,8.097061762,11.68102507,7.340486055,11.39445696,8.651940694,9.957946817,8.425038792,10.25424043,6.360879384,6.059085305,5.675935945,3.904092443,7.371028853,2
9.247674138,13.53376112,11.59521472,10.30833447,10.13199009,8.519344722,8.551048748,10.95202721,8.471038269,13.69039638,9.728450353,3.983561962,6.540781676,7.369540094,6.626485087,8.260747015,7.614042645,7.988836436,4.857219431,3.258611603,6.505256653,6.879139434,4.529384994,11.17796501,5.822534453,6.032980251,9.960287789,10.4916197,10.82951324,9.63865722,5.970278757,10.38386951,11.86137077,12.0535354,7.253003178,4.080917172,7.660966768,11.40901602,10.60445726,8.928740469,8.200217307,9.519394209,8.450172368,3.735586146,7.619740683,11.4014025,5.858975689,9.94115899,8.975402689,5.506134967,9.442903102,3.323413619,5.782418715,11.02961416,5.430573141,10.15058299,7.505398399,8.478920755,8.083624941,5.583266028,7.216580249,9.185836065,9.353832134,8.161898531,10.46297913,7.018084563,10.24219769,8.29953235,7.594553922,6.653864104,7.398526484,7.141061348,5.070972453,4.879207585,3.611034638,8.935648301,2
10.39103821,13.52310885,11.96078551,9.750228162,10.70870599,8.360485605,8.965465757,10.90248908,8.659676414,14.35775326,9.142298219,4.871006161,9.703252598,10.07057336,6.357436094,8.902456162,8.171030902,9.113505063,4.491939538,5.50729136,8.140310731,7.750519102,5.559923523,12.28506137,6.581214552,7.204675972,11.22660832,8.948615213,10.75430651,10.65606769,7.040530049,9.787314176,12.7227157,12.85448808,7.337969474,6.576740529,8.558386102,11.64182445,11.15173069,7.71173631,10.95688062,8.906569393,9.717237263,4.171140333,8.541739325,11.36442426,8.893278022,10.58829791,9.851729322,6.333494338,11.36352041,4.461570659,7.622744878,10.71691946,6.208237187,11.01967856,7.567205453,8.601156328,8.417200636,9.501035997,6.811493242,10.57380684,12.41988449,7.857582516,10.56089333,7.305717413,10.65354668,7.859305949,9.638028149,7.808841722,9.088836498,5.913181226,6.149236051,6.433948652,4.17123291,7.601283781,2
8.937802428,13.66263482,12.31471624,9.4595657,9.844872225,8.524289042,8.666963421,11.91666496,8.201140109,14.21529456,8.525779004,3.504134867,8.009840836,8.485313294,7.167658821,8.557489677,7.75069493,7.663603679,5.113476325,4.007702857,8.713908655,7.423356709,4.282386256,8.189003852,5.900617325,5.945540263,10.71046308,10.48915061,11.09832677,11.6064413,6.771510146,10.59922065,12.3802846,13.36497992,7.022970844,5.795642882,8.032599323,12.02093604,10.73438531,9.28873017,12.39875247,9.388452005,9.191931196,5.292543476,6.815790273,11.15378803,8.094282566,9.988502107,8.25663633,6.095918256,10.95197134,3.466384322,6.864825421,10.30912087,5.469878301,10.71192693,7.901508843,8.304345375,8.216720136,10.91871863,6.366371793,10.25332822,12.92164667,7.127653787,11.18815733,7.417539253,11.89299032,8.530629302,10.11795262,6.888962938,9.759181821,6.792957842,6.048660735,5.647500918,3.926106076,8.028186366,2
9.93980418,13.43580911,12.68084215,7.926440227,9.862001629,7.425745432,8.460256194,11.86284055,7.980819941,14.16077558,8.506753454,4.538607149,6.211947636,6.550193141,7.009373334,7.727682531,6.623027566,6.726260422,6.189453503,4.151999552,8.170633636,8.567813583,4.004899593,7.357394067,4.571253732,5.013602813,8.505346564,10.44823895,10.53963276,11.95724681,5.66189796,11.39139251,12.30220131,13.25566193,4.156156504,7.111079209,7.899485476,11.74461898,9.231833109,9.666197282,11.97415207,9.968789404,9.280160814,5.21170958,6.628831169,10.23864418,6.810371735,9.764002027,8.209479463,5.494914716,11.06904196,3.015178733,5.098725376,9.575412022,5.180868111,10.07195122,8.298799892,7.813540907,8.623414198,9.971318689,6.138877538,10.65229256,11.40354079,7.3931829,10.50695437,7.859877971,11.31891118,8.505290471,9.731896268,3.563173483,8.418823392,6.162950934,4.986226381,5.724885924,7.109844042,7.45819038,2
9.943311546,13.68022166,12.47238705,9.012348139,10.65209394,7.733103101,8.790307034,11.93419289,8.539324251,13.93822191,9.098352274,4.700013864,5.462728003,7.632042019,6.793059372,8.330206708,7.260305773,7.636313845,4.796177352,2.650019869,9.222294038,6.702300574,4.342566147,9.842982336,5.75375099,6.181986983,10.87845002,10.45290438,10.69251589,11.35020833,5.924722217,9.93834994,12.2721759,12.81392606,6.895356958,4.345740294,8.11691875,11.04256816,9.304883877,7.74330011,11.78954488,8.985018238,9.074018848,4.626926092,6.785732751,11.31401144,7.086431607,9.851668177,7.999843744,5.38804417,10.94396006,2.945222916,6.865594869,10.71653969,5.261363397,11.31255088,8.267717116,8.044007716,8.325603602,10.91402177,6.653954678,10.7890938,12.38896418,6.232399409,10.16916047,7.645570202,11.67347995,7.948388337,9.837303549,4.22220048,10.24289126,7.111644141,6.467365507,6.606373434,4.120721662,6.789191158,2
8.253850423,13.51888075,11.75907049,10.20317515,9.816365697,8.679545934,8.902140579,10.54522592,8.612256922,14.14057964,9.687424514,5.471715412,6.981100087,6.945123354,7.196350487,8.156221649,6.900996347,6.443277419,5.158903332,3.297111345,8.639073047,7.331053949,4.351212818,8.146533953,5.759309711,5.736778015,10.89135679,10.39810713,10.37847918,11.01506473,7.095763865,10.63055575,12.06357096,13.0154628,4.841259116,5.339118148,8.959734499,11.91211382,10.54902077,8.007346845,11.19160999,9.253937027,8.608705224,4.824266113,6.962602483,11.42161023,8.311744469,9.855928463,8.259372986,4.606065173,11.61834016,3.207611844,6.355525061,10.31201637,5.99114015,10.68665353,8.362317164,9.009508998,8.150447347,8.609387558,6.663906945,9.660793281,10.41906597,8.333864177,10.74016811,7.511248877,10.31254315,8.163731002,8.714540462,4.617881022,5.774632435,5.998384446,5.740070252,5.709819669,3.865899148,7.257703192,2
5.077032697,12.79365022,11.55002575,8.645024647,10.536433,9.262250603,9.411310231,10.14172472,8.741666721,14.34687836,9.361553843,3.854408314,7.81362096,11.28940837,8.025016604,9.050581651,10.0880601,9.861719973,5.264342444,3.989701137,7.247194893,7.940416874,4.733046052,11.88342027,6.878409332,7.575353874,11.76013264,7.109187406,11.35186025,12.36527716,6.548175757,10.69150821,12.84881474,11.62570451,6.869963005,5.869874517,8.886591493,11.2330243,13.12466474,8.947244065,7.728131034,8.688614098,9.447619084,4.954377787,9.285969794,11.6285268,10.86099197,9.734964739,10.04526004,5.951326857,11.51141433,4.752890799,7.765595063,11.04442707,5.30567534,11.100484,7.245220137,8.459933445,8.646890999,4.518217782,6.758350168,10.17546594,7.654761065,8.29236055,12.29386076,7.609788144,7.486214472,7.165624009,9.859986763,6.50984937,4.310048624,5.804942804,6.668530514,7.341901683,5.181232378,8.487310197,2
9.924918516,13.76649182,12.67541799,9.519219099,9.672245011,7.976668289,8.702262341,11.54718791,7.829015411,14.5513822,8.484691546,3.451024352,5.390165577,6.96912113,7.081023094,8.507992947,7.323377788,8.025800544,4.799450433,3.176026374,9.687275821,7.591282458,4.714718482,8.496331737,5.710505605,5.963782663,10.39349365,10.55073479,10.27775205,12.93582499,5.528318223,10.59504501,11.88515314,13.42071471,4.576980553,3.937411551,8.159646437,11.77936191,9.000744842,9.09979021,12.2642698,9.477582086,10.02044312,4.39765867,6.373629898,10.86355773,6.651125529,9.8379246,7.984520042,5.147803479,10.85444036,2.973066431,5.88571649,9.758498346,4.82919281,10.93433754,8.739362287,8.059678426,8.43213251,11.10113098,6.53853742,10.02322653,12.47706971,6.984868754,10.93610701,7.534052442,11.89257117,8.475872965,9.50151598,4.178834903,8.339115827,6.330096533,5.532319205,5.511923712,4.429053327,7.062132341,2
11.16738418,14.0171326,12.17225261,7.568828645,10.35709383,8.252442,8.578140085,12.2066194,7.991818393,14.36060919,8.03472252,3.363221612,5.93341248,7.102623384,7.464500617,8.063096042,6.588324667,5.740387149,5.014462752,2.963226032,9.386696232,7.872169726,4.390476253,10.53658654,5.334100283,5.978197109,10.98200395,11.57653705,10.81072573,12.23716269,5.059534288,10.59306901,12.10510021,13.41070267,3.927038794,5.815291997,7.648076718,11.58188067,9.013888096,8.751658545,12.56805814,9.85112312,9.439129602,4.829570065,5.579420766,11.18406135,6.821003784,9.132799549,8.275689552,6.126137509,11.28343351,3.046035063,5.865951519,9.773606192,5.300232174,10.70358961,9.382661032,7.933278439,8.842884785,9.813861342,6.182546201,9.963138199,12.19427772,7.348350732,10.25010372,7.803456064,11.71324941,8.637036243,9.765103941,3.22557056,9.304919989,7.030956705,5.414902023,5.129520922,6.374012487,6.842094382,2
10.49713357,13.4401524,12.14432782,10.82847282,10.1060507,8.360823728,8.755684372,10.50811542,9.368428345,14.41967659,9.912688814,3.497892345,7.485640439,6.871160963,7.046979394,8.242879749,7.150136927,7.969251324,4.620081464,3.671576792,8.285384672,7.538210199,5.128831639,8.670795248,5.358684249,6.052082104,10.57895846,10.61415777,10.92950103,10.97607686,6.397027306,10.64288316,12.1850508,12.93386727,5.434484046,6.879296452,8.46530182,11.96746293,10.32691268,7.255343358,10.2605593,9.610360709,9.621661241,4.278024897,7.951777003,11.37481213,7.051715574,10.90040592,8.896380931,4.794505895,11.7778602,3.210402945,6.489558305,10.33645424,5.92578231,10.39358279,8.04185171,8.728627678,9.018896331,9.309198727,6.945292234,10.22281932,9.82694033,8.782604604,10.2368202,7.481402637,10.03874404,7.754385137,9.642939383,4.847237327,6.130741297,5.946185111,5.426899592,6.149662432,3.939699292,6.825942588,2
11.18794788,13.55920093,12.44274441,9.246868664,9.635804126,8.126584048,8.366789359,10.98689231,8.817365362,14.06682086,9.447637383,6.570953044,7.335292046,7.166038423,6.894204348,7.985466854,5.966594619,6.483152946,6.763818433,3.23453865,8.108880855,7.639155189,4.659267828,5.985946092,5.787958617,6.078536131,9.303590689,10.34072141,10.49627079,12.05981722,5.932029194,10.90247085,11.81663732,12.51315744,4.450561956,4.003426761,8.350903471,11.52974076,8.978911056,9.642496422,10.22457288,9.450717728,8.88420979,5.690094253,6.428964726,10.93979243,7.412480735,8.981091692,8.076126474,5.605909108,11.44553479,3.129181515,5.221562485,9.913873327,5.384368252,10.47520436,8.540093434,8.828413723,8.037885001,9.366760859,6.937237373,9.965512649,10.23531489,7.399787446,9.838664412,7.780215958,9.858002724,7.497311234,9.52478615,5.273918247,3.736179007,6.486492812,4.836766616,5.846875774,5.183135966,6.627310539,2
11.32907904,13.928425,12.07178859,9.732041667,10.06535098,8.461293787,8.690779345,11.09367653,9.14993945,14.35625558,8.624010986,3.562037772,8.052751753,9.089771614,6.856543905,8.185653279,7.204767766,7.921674082,6.310101495,5.690976224,8.57292102,8.316139744,4.020806022,8.829485329,6.607647209,7.003414118,10.09437062,9.692603927,11.41714884,12.54157269,6.937060717,10.76766712,12.37686615,13.3866531,6.564536766,6.333140403,8.439496788,12.0356488,10.921562,8.750483562,11.09404225,9.417030824,9.272251281,4.911097399,7.354569646,11.33342063,8.317642842,9.603363619,9.118441408,6.406586523,11.44669985,4.938671795,6.498766323,10.71991816,6.264470144,10.63460364,8.054732431,8.821009523,8.603432064,10.44218689,6.817007564,10.52702793,13.8931089,8.320445599,10.46104435,7.944568269,10.19358116,7.49472803,10.09912393,6.449171679,7.541121171,6.731219751,5.673115878,5.366760193,4.158815408,7.296471857,2
5.23872429,12.18772718,11.54470879,10.53955064,11.13669727,8.673373084,8.930933309,10.03743927,10.17936959,14.45004714,11.01010479,3.447054755,10.05848777,11.50644448,5.981500757,9.408837221,9.471508918,9.988510891,5.004435146,6.76866474,4.712146117,8.896478808,5.88780661,12.03399096,7.713448376,8.520984973,11.57192611,6.610057824,11.44516978,7.466243033,7.09224802,10.25481414,13.22985284,12.74761604,8.51092984,7.820878377,9.362367344,12.03769244,12.79622355,8.002020311,7.066131693,8.477071938,10.06290668,5.136933555,10.07256337,11.59675035,10.66065157,11.2452877,10.80931319,7.582826096,12.22300282,7.026552898,8.161983503,11.23656723,7.580920297,11.08885075,7.523035898,9.685425251,9.072502055,5.243214454,7.422199745,10.79777264,7.093790566,9.561892959,11.46908514,8.43016404,7.981789276,6.153979625,6.9996517,8.804718403,4.521288094,5.098678416,6.451077365,7.054076391,4.199253678,9.038397794,2
10.68904089,13.47602133,11.57316067,9.823479156,9.71211409,8.248847613,8.605720597,11.03851663,8.929831139,13.41218217,8.255226772,4.129203219,5.51949893,5.589744703,7.714542007,7.7260163,5.396580286,4.493966443,5.325580267,3.02602267,6.853515373,7.169753751,4.356717185,5.211958223,5.864906455,5.420142869,6.892546561,9.762728201,10.62726862,11.80185434,5.550022715,10.46032065,11.82761769,12.61543756,4.088345976,3.934519078,8.101580815,11.18588926,6.634517637,8.05229289,9.877078414,9.248808604,9.446867323,4.411945115,5.254339066,10.95748351,7.694577274,8.294872236,8.288297988,5.287303072,10.32488281,2.854538008,4.698772657,10.46851834,4.860583342,10.92104486,9.38916193,8.242762878,8.199457848,9.265967121,6.94350869,9.981141831,11.54010074,7.263513293,8.883367476,7.94947036,9.239261366,7.679328837,10.17930779,3.382342798,4.080663966,6.510691976,5.087239505,5.29541239,4.21758012,6.132178926,2
5.155602335,11.51884681,10.16622348,10.88987029,11.47815602,8.964768819,9.241649594,10.00658194,9.912274396,14.62427126,11.56640887,3.220886937,9.308817685,12.2865999,5.785924259,9.375377298,9.473756836,10.62111628,4.654557576,6.592982833,4.36033756,8.901340746,7.249209259,12.85192031,8.617996897,10.26179092,11.67715917,5.244340084,11.67434694,6.848710201,7.630651321,9.232584901,13.45136212,12.60159052,9.421157043,8.299598001,9.853766513,12.15538709,13.20941493,7.159999013,6.43882647,8.245382462,10.22835756,4.121277779,11.28723206,11.75476234,10.47754986,11.41405847,11.40015922,7.585310828,12.17401603,7.812153436,8.51168032,11.68683938,8.019667236,11.43487416,7.240907546,10.33290956,9.037603253,3.854505012,7.70582672,10.87610638,5.292584093,10.51844553,12.06212099,8.468915759,5.301788796,5.470100506,6.587856217,9.068856801,3.261331357,4.386098683,6.57166709,6.976265425,3.714553973,9.088990372,1
5.016238077,11.59261615,10.73192604,11.08534422,11.09968964,8.848428813,9.517162097,9.981729184,10.36465818,14.58177986,10.42457194,3.474623452,10.81981099,11.80099918,5.514011911,9.203914965,10.27227688,10.45977198,4.568452392,8.388981873,3.892491911,9.64597727,6.905959502,12.16096257,8.692580395,9.619759421,11.91478522,5.651217296,11.66598539,6.540695464,8.598967446,9.694300036,13.38588552,12.9800751,9.424524278,9.56000569,9.75298514,12.26572589,13.48475588,7.389079125,6.368600238,8.142811577,10.50193688,4.45663703,10.49094088,11.9041927,11.57737537,11.8888652,10.77105308,9.256659724,12.2031374,7.454380516,9.430239215,11.85002104,8.316498873,11.65596938,7.294446948,10.32720797,9.065588238,4.312108678,7.860241832,11.24776203,5.27068487,9.87183559,11.66692597,8.907515452,6.146005223,5.739597455,6.77154623,9.846111636,3.032783316,4.544119073,6.932258685,7.688839903,3.528965493,9.090543841,1
5.107638711,11.61296457,10.6320336,11.02224623,10.59753328,9.345801081,9.057845315,10.72139036,10.62744519,14.48434561,11.24182314,3.279386869,10.89708105,12.33423791,5.898098915,9.515470923,10.39442785,10.83106131,4.658194512,8.942024857,4.263075163,8.481378152,7.198527833,12.89062184,8.547075267,9.531082215,11.45305084,5.80420652,11.7943276,6.778402895,8.169083059,9.541210854,13.30059517,12.79744049,9.786343365,9.161818082,9.602700139,12.05627824,13.00033032,7.76444806,6.22808084,7.869268518,10.58973143,4.405343775,9.954323752,11.87360837,12.06239153,11.67264443,11.90599926,10.70468451,12.32710112,7.194155184,8.61566944,11.85272727,8.498816699,11.60122734,7.333144062,10.25038412,9.471732715,4.430339834,8.498191662,10.88832144,5.698860877,8.983322096,11.68807168,8.856294178,6.021610203,5.451593208,5.084279533,9.128834324,3.282025919,4.52990966,6.744400796,7.629706312,3.528965493,9.499658395,1
4.935764443,11.45659886,9.991555701,10.9812754,11.4719389,9.418579131,9.277240352,9.733835656,10.69292789,14.7207807,11.06613478,3.377062667,10.09914962,11.74909681,5.393100862,9.528647963,10.13839207,10.94544747,4.046207151,8.591005202,4.133458564,9.12186506,7.259058073,12.81808832,8.30469285,9.721156253,12.2031526,6.246129476,11.62744183,7.456023282,7.991624971,9.112453246,13.32306954,13.21785221,9.857671872,8.675378513,9.874552233,12.41843392,13.10199811,7.126387988,7.558708289,7.599620615,10.92092838,4.645775635,11.35328797,11.93864485,10.91022285,11.42348627,11.3689904,9.307358544,12.15489512,8.052908739,8.816533168,12.06328563,9.622691469,11.37977257,6.798857548,9.707335508,9.692984727,4.064171573,8.448315602,11.23446399,4.956443723,9.62227636,11.83164241,9.035022416,6.759851496,6.003381391,6.081177071,10.09753735,3.30407901,4.227484277,7.347933664,7.903976065,3.755557504,8.970731483,1
5.190175066,11.56645329,10.37203037,10.57225088,11.60698991,9.141177439,9.380343315,10.02456435,10.6890734,14.55846152,10.41827017,3.337862806,10.11737063,12.75588425,6.054597063,9.441050758,10.08647657,11.13872228,4.360851111,8.185554778,4.183955046,8.746103166,5.962676373,12.12992515,8.346241238,9.041327688,11.61531105,5.491392922,11.94582848,6.375378087,7.606330909,9.56730914,13.32196948,13.00648103,9.217451519,6.43615281,9.954929373,12.41154071,12.99465296,7.482716478,7.337334295,8.049463948,10.57129398,4.479263523,10.24559857,11.76100941,11.09921866,11.57822642,11.21455984,8.829098541,12.48788879,8.511543729,8.681692327,12.15963284,8.359892113,11.58762068,6.963135868,9.671107094,9.291734318,3.628213305,8.063956027,11.14632148,5.120371266,9.125383736,11.61782274,8.920185057,6.026054665,5.882408353,7.427859072,11.24661533,3.540705377,4.590099089,7.313490047,7.655481381,3.527806636,8.988192509,1
4.765082318,11.4174328,10.33006105,10.94336363,11.69477726,9.640284142,9.309706521,10.81561151,10.4706736,14.59320029,11.67775488,3.426811813,10.37523442,12.42896742,5.586375897,9.468396686,10.25675419,10.80864191,4.358930044,8.533330641,4.463192751,9.144201809,7.270480752,12.95155154,8.047552728,9.310172142,11.65272915,5.686379233,12.14845663,7.13862945,8.189198076,9.432923084,13.41967183,13.14032017,9.712284088,9.371287907,9.714157445,12.41754984,12.99825554,7.498285989,6.917607879,8.14167132,10.67370874,4.603868135,11.02017957,12.02945967,11.49579316,11.86033473,11.7048909,9.303544834,12.50008075,7.95713022,9.06128988,11.75118161,8.35714331,11.57766898,7.195012341,10.3418862,9.707748275,3.518996276,8.169357762,11.18644964,4.980063775,9.853901084,11.68838254,8.971701764,6.573790465,5.640507589,6.500507142,10.03779581,3.347194271,4.514710954,7.361692149,7.580776623,4.136148137,9.311414459,1
4.882515576,12.0404968,9.733674142,11.25309503,10.86430602,9.405815981,9.226583287,10.12245882,11.04537993,14.5826685,10.79795206,3.466457749,11.07162922,12.74995243,5.657441056,9.386066703,9.922679042,10.79214867,4.458881437,8.580226783,4.534572553,9.297813242,6.610482689,12.19652537,8.529778902,9.63929866,11.80354925,5.120129226,11.98996446,6.709362632,8.096206543,9.718393661,13.33603991,13.41314523,9.620247179,7.960768455,9.757516232,12.39590351,13.26120607,7.233399245,7.105385107,8.080592661,10.72534734,4.149118322,10.10581962,12.09896174,10.58581252,11.7252976,11.3149216,9.917298735,12.30075172,8.197727932,8.364579411,11.79733374,9.194107013,11.41961122,6.982179955,10.0438087,9.681659346,4.448584979,8.059204538,11.2866737,5.300479464,9.46096484,12.04276537,8.791784867,6.13535904,4.996141443,4.87875832,10.80641177,3.374412411,4.675508595,7.219740684,7.663837548,4.245932141,9.481251741,1
4.981442887,12.01691347,10.3861477,11.1549675,10.81178383,9.170332062,9.352876822,9.981341508,10.76249799,14.56733118,11.2405991,3.280129461,10.46156574,12.62806787,5.796293555,9.529069538,10.45479765,10.61978332,4.549612238,8.075279197,4.388413411,8.446135344,6.858295635,12.34066759,7.881700655,9.200563026,11.68629367,6.045082576,11.77194958,6.897932251,8.508996842,9.540740705,13.21220132,13.03650749,9.368115714,8.509528916,9.499903307,12.19521396,13.14866227,7.498620384,6.743694508,8.271422103,10.37503471,4.28581297,10.27406549,11.78717086,10.986981,11.36665484,11.52850208,8.885337426,12.54318252,8.023602786,8.509576804,11.90474412,9.601797537,11.44618138,7.254480302,10.11021804,9.391403162,3.89993441,7.735158702,11.12221369,5.313688184,9.703659204,12.02578228,8.947612236,6.391023475,6.182429867,6.536087923,8.005149577,3.083638632,4.265196955,6.595406805,7.273249215,3.438801299,9.457976914,1
5.103282339,11.42666217,10.10385765,11.29396062,10.78585986,9.23322629,9.16910211,9.864380412,10.45653956,14.63903723,12.25292486,3.38783649,10.4707333,12.22386515,5.99999831,9.386802022,9.963403771,10.65279523,4.841866927,8.302273653,4.634750175,8.730839453,6.858567814,12.16590107,8.250947145,9.585894495,11.87238673,6.302440498,11.54034615,6.188243178,7.417026593,9.330075084,13.41229974,13.03513668,9.444214545,8.439921926,9.90709665,12.09006399,12.70483019,7.346910398,5.92551616,7.785769881,10.47540982,4.287079519,10.96870226,11.88827245,11.18370575,12.00401614,11.43331955,9.197504508,12.34622148,7.280490924,8.564450463,11.87445037,7.536614361,11.35168806,6.465837684,10.3321213,9.637803447,3.712268063,8.185394814,11.37210738,5.188416625,9.690960522,11.70076287,8.650549541,6.381201603,5.581674539,6.347530388,9.851971248,2.930301934,4.635055655,6.737787905,6.856307959,3.6880563,8.626467619,1
5.042673229,11.70467148,10.48523224,11.16995704,11.06276411,9.460282536,9.236550771,10.21528423,10.26071302,14.67991906,11.22923585,3.331229499,10.4298162,12.60262731,5.770676788,9.845081805,10.97563386,10.60165716,4.234578348,8.250326742,4.331149625,8.747132977,7.40890029,12.90969062,7.92466052,9.942581642,12.12650672,6.103264149,11.88760562,6.955187602,7.940527717,9.308967127,13.27014403,12.90966515,9.318542762,8.520967431,9.762162118,12.22914939,13.26274494,7.163178833,5.96309839,7.565373928,10.59721463,4.362308457,10.49740493,11.82676691,11.62236607,11.81008946,11.3191082,9.498989762,12.97045889,7.857283904,8.46734812,11.68223699,7.395014617,11.83003253,7.135661523,9.946895098,9.748127925,3.893481664,7.833233562,11.03373814,5.041183628,9.726111675,12.18028458,8.731621326,6.136977012,6.125449777,5.351615292,9.474847605,3.041841341,4.09850608,7.172398267,7.859156581,3.820654919,9.931841153,1
4.938498247,11.0709122,10.48652938,11.03679475,10.7441018,9.118535326,9.358053222,10.30021877,10.15492515,14.52927689,11.5680831,3.607659244,9.95957889,12.23087032,5.870281168,8.825372415,9.330254095,10.52455789,4.688881662,6.495720675,4.910930676,9.044757458,6.142767295,10.10147316,7.689011279,9.184624333,11.68402092,5.444135402,11.46724923,6.728626433,7.343971418,8.936541471,13.48605113,13.23905354,9.491135582,7.982026388,9.503646582,12.13774724,12.6823063,7.442229602,6.141165824,7.410797329,11.1486324,4.438574798,11.35038732,11.45726966,10.73037415,11.95596554,11.43702926,7.718072326,11.25028773,6.959284365,8.163928611,11.33790305,8.184067458,11.42390141,7.03246835,10.526408,8.653314468,4.228650056,7.263050119,10.99326383,4.992198107,9.226815491,11.65455484,8.741694943,5.741504158,5.627052903,5.801967376,9.794586635,3.054156536,4.562726654,5.87178728,6.429198482,3.495591289,8.129742277,1
4.936749955,11.97967936,11.1501161,10.5735439,11.43160192,9.220704661,9.031225273,10.23058988,9.961502919,14.60257025,11.16715334,3.525477,10.71853647,12.17212567,6.145964358,9.119009155,9.942604768,10.50550445,4.397941761,8.641430739,3.915166176,8.958279855,6.56528897,11.24509125,7.434071527,9.401386904,11.93121139,6.20447677,11.39991535,6.588068038,9.121148379,10.1602955,13.13154578,12.57748889,9.165840846,8.322235531,9.472916432,12.19616018,12.74446087,7.799645364,6.764405972,8.475881446,10.69921067,5.226457508,10.3185814,11.63471072,10.69067361,11.07034266,10.99175482,9.342486669,12.39828337,7.403863256,8.25666221,11.3723827,8.550159859,11.43674213,6.777563793,9.318415752,9.352298716,4.160538413,7.326228633,10.48366756,5.548222953,9.704732794,11.80581762,8.645376669,7.015569376,6.051763635,7.285813293,10.32370205,3.070027707,4.523508993,6.606525783,6.796126816,3.245064089,9.297241326,1
5.17256548,12.30128433,11.09372721,9.847797851,10.72027984,8.075680126,8.951097809,9.428842016,9.194178354,13.92894796,9.598730084,4.146276496,10.68056113,11.99310363,5.721024068,9.034073345,8.279828701,8.488526537,4.328914713,7.32678022,4.203690698,7.9243739,5.335878448,11.21974283,6.732433184,7.557528745,10.82281395,7.060124243,10.31691149,6.036863091,7.369829187,9.891140998,12.48903572,11.55707903,7.614803816,7.936086362,8.81595303,10.9801008,11.74376502,6.56704589,5.078585605,8.615612948,8.45632432,4.977391857,8.773485142,10.82924734,9.413451128,10.15971652,9.652768692,7.068193164,10.73059035,5.069260768,7.101111067,10.22501444,6.785406645,10.55321823,6.57370899,8.808972701,8.291489464,4.193773459,7.082556362,9.805545641,5.250476761,8.394988647,9.841793822,7.537282646,7.783510846,6.049094218,7.998453043,9.0895386,3.331736034,4.907812542,5.885066844,6.067762949,3.737109356,7.776400796,1
4.940594027,11.83422178,10.39837436,10.74791454,11.72975453,9.123520843,9.149740737,10.40932832,10.80334157,14.61621408,11.9594227,3.401787296,9.959158031,12.24616473,5.450658236,9.636472671,10.03334131,10.56279364,4.501685942,7.277332,4.172656055,9.200336356,8.237608561,12.59478681,8.067033399,9.689296443,11.93102166,5.951603264,11.31147775,6.592930854,7.894572683,9.232688784,13.37342695,12.89011394,9.492227093,8.198577178,9.679953708,12.21468642,13.44676698,7.123502098,6.460695349,7.76837338,10.9538551,4.574629525,10.85765847,11.95581613,11.33595555,11.7215775,11.33570821,8.263781331,12.85267215,7.236771101,8.219232181,11.80246597,8.389967203,11.34333217,6.920726614,10.27277001,9.358931535,4.091510745,7.669560166,11.242818,5.418613531,9.782434776,12.2391331,8.799004927,6.018476978,5.666904904,5.277264146,10.20372922,3.16447794,4.070403971,6.750433939,7.245588714,3.280219459,9.713737791,1
5.002179614,12.20658175,10.84630395,10.46833465,10.72092939,8.922929115,8.84882331,9.775978525,9.810361485,14.32309269,11.1496302,3.530129805,11.64594576,10.94015117,6.097635103,8.994253479,9.364323214,9.723452099,4.319370909,7.392170171,4.680310953,8.378601701,6.463857092,11.94751325,6.622544887,8.836517437,11.08596239,7.454687006,10.95542655,6.594271516,8.507858161,10.226536,12.79745981,12.32077972,8.13981122,8.412658079,9.373267575,11.46493832,12.69159375,7.276056931,6.125839229,8.793984369,9.683426768,4.545594578,10.02036712,11.2648863,9.498389528,11.04006528,10.70267318,7.592882686,12.14807611,6.377278723,7.261701067,10.65843348,6.843584336,10.58890479,6.850469446,9.625602872,8.7447093,4.17918328,7.379723717,10.37575237,5.294456367,9.094743484,11.48053204,7.820750541,7.659281499,6.285505176,8.241412579,9.302932998,3.404063548,4.667016548,6.439442249,6.2892176,3.840629094,8.600188188,1
4.957523424,11.79187066,10.15723623,11.01869096,11.67272644,9.512933594,9.667672705,10.16218503,10.95213799,14.59320029,10.30259268,3.431404574,10.24499373,12.13102581,5.567053388,9.108291963,9.52773061,10.60143085,4.622363257,8.331055407,3.944138089,9.143218622,6.0583291,11.79470637,8.39337026,9.856271575,11.6800646,6.831278973,11.50018553,7.083804021,8.092505997,9.573911787,13.33962625,13.32858897,9.999616358,9.072669007,9.709904836,12.16934277,12.87606172,7.11967333,7.451140352,7.845779627,11.59033812,4.232835895,10.97850171,11.89830346,11.03429304,11.0811009,11.17795588,9.154102795,11.76138315,7.171977434,8.620431095,12.04315659,9.333878612,11.81301593,6.563098091,10.06646403,9.492318062,4.774419065,7.906551847,11.38054686,5.259237554,9.617785708,11.68738227,8.49875061,6.365937626,5.181338974,5.227407571,9.624962131,3.298394528,4.537675163,6.942815856,7.289392809,3.439778918,8.648250167,1
4.948331851,11.50982709,10.13932046,11.2418808,11.09794099,8.931211067,9.251836094,9.890534904,10.34457016,14.59200466,11.05521897,3.23902366,10.01037271,12.3444417,5.56482601,9.579994653,10.39674045,10.22867092,4.880217308,8.123130025,4.265029365,9.127771586,7.110888948,12.90993071,8.07687488,9.62297217,11.86191056,4.862604376,11.87703535,6.560040083,8.327335108,8.983434585,13.34424617,12.95327653,9.330200403,9.866789667,9.856248331,12.05388008,13.35160798,6.96959266,6.752915758,8.043907681,10.3669557,4.404185845,10.46470877,11.62419166,11.63392478,11.49238681,11.64730493,8.885320642,12.77035251,7.411943241,9.256509982,11.69977055,7.700869983,11.7705772,7.043743033,10.00619,9.303051351,4.404585072,7.693978733,10.96115564,4.627255324,9.421393076,12.14117987,8.831694625,5.540115633,5.524930974,5.088724584,9.364491313,3.285101439,4.141874787,7.716324182,7.939465769,3.209871677,9.449388391,1
4.909100899,11.85706137,10.04651,11.16197891,11.0430762,8.87009908,9.457549282,9.668619293,10.01500127,14.54571478,10.85682943,3.551050997,9.903004418,13.2085097,5.582704107,9.445836215,10.76243953,10.60358882,4.722571751,7.627710004,4.298281091,8.891265809,7.764157502,12.66971732,7.820950942,10.04049808,12.07740694,5.283331639,11.60536185,6.682368675,8.158289838,9.234509012,13.29991945,12.24172086,9.241930297,8.386476893,9.787240783,12.21889739,13.39834678,6.858022593,6.194815097,7.764507955,10.19756212,4.666750264,10.59788785,11.67246923,12.29753971,11.65396842,11.55953591,8.66491592,12.84258314,8.074317224,8.612323575,11.85522807,7.672324023,11.88599915,7.196078091,9.91573866,9.29826417,4.410633345,8.022636466,11.01474118,5.152644532,9.674747407,12.56563234,8.826919637,5.331785936,5.833773728,5.624284764,9.263177109,3.155169421,4.205784776,7.484661934,8.275530644,3.634652584,10.19966357,1
4.878157881,11.65398266,10.0287575,10.57693162,11.53132368,8.94842339,9.228048419,10.32955647,10.13913121,14.54186032,11.04490291,3.809841955,10.3839005,12.36090831,5.50479068,9.59135294,10.21497112,10.12197398,4.884938965,8.281474183,4.450429942,9.138270345,7.464007642,13.26847169,8.476006514,9.306388501,11.96620176,5.479751553,11.62288019,7.225834176,8.784601368,8.562646614,13.24274946,12.24965007,9.305639176,9.172215499,9.793710886,12.12302356,13.39562502,6.751492026,6.527856473,7.659021905,10.3102077,3.882465585,10.3564001,11.55870966,11.83691648,11.51174127,11.56262388,9.537286223,12.45998224,7.171112307,9.035993745,11.52445066,7.912504109,11.71155954,7.009478972,9.816755414,8.741071659,4.218060875,7.924562071,10.87877144,4.759448059,9.406015892,12.17442837,8.718886013,5.626168636,5.618078414,5.911688906,9.218509248,3.109746383,4.101658147,7.524567477,7.961383599,3.557874162,9.659214797,1
4.956107753,12.1705275,10.36676928,11.0710277,11.14505969,9.773086388,9.098975686,9.869770315,10.8419001,14.61920913,11.03107164,3.415463275,10.27678617,12.36156387,5.655023298,9.307942978,8.964742833,11.11905923,4.812772934,8.486999125,4.205802217,8.667539344,6.932402917,12.30562663,8.271926355,9.244983784,12.11249183,5.543261456,11.76869918,7.383570512,8.839830968,9.307265842,13.30342767,13.17633199,10.34250807,8.87032845,9.738407923,12.26747393,13.00380461,7.202325958,7.113969735,7.898242361,10.36683064,4.213684288,10.43281873,11.86194876,11.26041361,11.66376967,11.60463563,9.145476387,12.31757729,7.775210177,8.449368339,11.9961531,8.296075386,11.76116965,6.909828938,10.58502799,9.852028894,3.948946773,8.062266337,11.57196157,4.993769659,9.821255045,11.84028031,8.75040764,6.46030597,5.668786449,5.673820915,10.90151571,3.076412468,4.377406601,7.502626888,7.198096811,3.799446073,8.777242828,1
4.938431016,12.36584604,10.20124875,10.92545592,11.41642593,9.346097412,9.273437938,9.783564038,10.03003709,14.75363241,11.47334691,3.540732923,10.4660966,13.29844065,5.884950815,9.469199121,10.20050783,10.98199819,4.420544639,8.45874164,4.281057088,8.967646669,7.147970377,12.50875708,7.769387425,10.00985147,12.07877478,5.284052145,12.08957057,6.827329864,7.615024043,9.406101808,13.44175754,12.59564499,9.386001408,7.877120605,9.724102074,12.2959272,13.44508355,7.56039847,6.369910712,7.375941426,10.20955713,4.275463081,11.24821025,12.28640991,10.94941445,11.69528997,11.66932389,8.828638177,12.83927349,8.877559846,8.673449446,12.02946337,7.08955978,11.72499054,7.103480804,10.03742266,9.749884703,4.752949001,7.5925776,11.29020844,6.898328018,9.441132394,12.19845512,8.967770761,7.390388376,5.679157069,6.739629866,10.33962458,3.816244338,4.505482234,6.928141576,7.799057538,3.918945974,9.758622446,1
5.162197508,11.82879268,10.16428784,11.58846816,11.36483683,9.644752717,9.060915291,9.812467154,10.78295788,14.7585881,11.47289233,3.617930022,10.66329818,13.14814811,5.732196717,9.660553612,10.61155853,10.81782339,4.568975322,8.643813942,4.552369606,8.974758023,8.771860531,11.89908042,7.680700046,9.221205948,11.88935988,5.155281694,11.66063947,6.349917128,9.313314285,9.302446901,13.45822842,12.82297213,9.631291058,10.09521991,9.614084472,12.30169729,12.99114238,7.318171207,6.352759456,7.4121156,10.55103702,4.139369677,10.86616234,12.15305828,11.15723089,11.36148689,11.33564891,10.37709429,13.02698104,8.066686011,8.990466583,12.02375092,8.437281875,11.61109262,6.565990012,10.17408976,9.681001957,3.885410288,7.760851399,11.15888233,4.914189072,9.444842146,12.09760366,8.900725204,6.156707299,5.822510404,5.657863098,7.991393074,3.234215661,4.412317699,7.347298258,7.347057391,3.587542643,9.359087061,1
4.856727201,11.58373528,9.683379692,11.21711817,11.32888976,9.44496471,9.49296656,10.23370264,10.50570295,14.6693151,10.58150681,3.231779131,10.45766173,12.75219941,5.242196783,9.424132324,10.20428513,11.03841891,5.052881786,7.966254523,4.220576784,9.353124232,6.293417197,12.82153514,8.598660311,10.37525307,12.08399825,5.321090432,11.63022199,6.94270309,7.955558261,8.994245934,13.46451327,13.25510657,9.8001372,9.337659533,10.15230766,12.40854582,13.53701414,7.113521115,6.669769898,7.979467107,10.85010593,4.05001637,10.79453685,11.93392918,11.02946083,11.40336516,11.67794457,8.657141021,12.12870262,7.443789677,8.557236554,12.01050394,7.842505175,11.58899267,6.601298325,10.09310585,9.118635658,4.328699175,8.58722264,10.94194432,5.588245506,10.06890083,12.25170712,8.724050185,5.705636936,5.928047818,5.553329333,10.04149162,2.956278023,4.225010894,7.216911319,6.890264461,3.311787602,9.139735221,1
5.071268277,11.33094872,10.04056157,11.05702173,10.82523093,9.186559202,9.091152629,9.964966374,9.806267266,14.69667733,11.16999837,3.342219609,9.96533089,11.75011569,6.074319804,9.208237421,9.554487897,10.38271214,4.920308614,8.058392765,3.990277201,9.532099081,6.859383079,12.86393609,8.888890672,9.198580383,11.90305564,5.723522214,11.34135899,6.914551124,8.318297846,9.60783866,13.33275022,12.7286005,9.540711508,8.026649244,9.597251671,12.12080974,13.02200201,7.059701285,6.297605036,8.599796799,10.40350759,4.398266345,11.26649619,11.72096282,11.75993904,12.13419449,11.68485507,9.554362891,12.04956081,7.000473416,9.534363902,11.26138656,7.128071019,11.39741233,6.765735412,9.616076609,9.255320378,4.649372648,7.755850045,11.22429887,5.89128603,9.525819328,11.55606326,8.693207297,5.886297084,6.021194388,6.430992703,9.437990291,3.390609914,4.603649373,6.517828349,7.202175145,3.153042362,8.65171573,1
9.534932354,13.80235635,12.4898622,9.757171236,10.65130981,8.634016322,9.116621251,11.7865144,8.401979525,14.29531711,8.594587127,3.401710004,5.26475406,9.820581111,6.782241533,8.709092512,8.764174683,8.725910745,4.845583257,3.137196792,9.072079383,6.702651905,4.294996618,11.73511855,6.222734409,6.33428213,11.42249289,10.76729525,10.69216162,11.69068777,6.177898528,10.00934536,12.37813391,12.9284213,7.793746612,4.201255068,8.12857254,11.95059013,11.05825896,7.283247554,11.21812808,8.942432262,9.493082964,4.618979787,8.474564319,11.4509265,9.799220932,10.57086732,10.14556266,4.956108148,11.36567778,3.517470129,7.469770134,10.86735212,6.57914068,11.7231059,7.654384821,8.687205606,8.119417329,9.710698313,6.65542061,10.43750346,12.72580123,8.044849275,11.20171552,7.732324275,11.82417363,8.238593151,10.07952746,8.963722093,11.222689,6.832593287,6.853368302,6.853368302,3.620639077,9.504283853,1
5.324474791,12.47524961,11.096448,11.00886616,10.57357872,8.920895287,8.869434586,9.87681717,9.563609308,14.37842461,10.38564952,3.46257415,10.19446184,12.60537365,6.225279753,8.864269764,9.381733088,9.829909868,4.85803014,6.458743574,4.75296729,8.966020367,5.817746523,11.71601152,6.586234667,9.415663964,11.1397077,7.971222095,11.09805555,6.619664035,7.85422523,10.38199431,12.79039082,12.0020905,7.985377756,8.250214793,9.620233901,11.83094511,12.67274289,7.409149578,6.06241931,8.979370004,9.384728055,4.424719589,9.142741378,11.32538892,9.646652562,10.6855135,10.31089704,7.072042687,12.13971622,6.798562533,7.925678779,10.95726444,6.89142833,10.71582178,7.216649415,9.30153552,8.831528875,4.262566242,7.318156607,9.70688771,5.190048255,9.860320125,11.42365974,7.875895746,7.137788825,6.151349375,7.716373352,8.33634376,3.17042606,4.359835671,5.903859158,6.651675389,3.447368531,8.948629837,1
5.082912507,11.91064785,10.77108048,9.920816671,10.57586491,8.389681726,9.119516181,9.736698664,9.505472357,14.17198423,9.883747418,3.768942023,11.21730228,11.29310008,5.898557244,8.984986231,8.838773164,9.024533163,4.554046575,6.994627538,3.946739769,8.600190905,5.891356835,11.47703045,7.730870494,8.349632324,10.84451385,6.385376182,10.63670724,5.279633393,8.835654935,10.15050319,12.57875108,12.00144764,8.085841784,8.269516045,9.531647578,11.64702225,12.41996402,7.295950558,5.83909573,8.685798223,9.106912883,4.845536303,9.404648773,11.01147959,10.07915128,10.79592238,10.6643102,7.882125499,11.57352227,6.323167256,8.13878675,10.65177154,7.256316577,10.85247445,6.810829251,9.091943958,8.434782315,4.363983113,7.310841557,10.01397094,5.888343309,9.497334908,11.26468941,8.180151084,7.096013636,5.730214602,8.172047716,8.151781313,2.950913971,4.21073898,6.325130675,6.370099575,3.369634268,7.965210328,1
4.916290738,11.80274507,10.64692799,11.16872922,11.2871496,9.134043435,9.031019059,10.07331331,10.26904465,14.41650643,11.80098589,3.238078505,10.18345474,13.05946298,5.782304217,9.442194928,9.870495976,10.55904786,4.875586074,8.540238711,4.434482403,8.426849946,8.125080269,12.30957831,7.275479009,9.002959116,11.90278686,5.938415891,11.23794029,6.609331357,8.043470484,9.505977293,13.19903347,12.82425617,9.198572377,8.442468349,9.34208858,11.95068589,12.84196982,7.637200789,5.903822214,7.777455873,10.26839757,4.600533618,10.15954937,11.37614822,11.68767708,10.77994219,10.88833928,9.190322707,12.14205334,7.475065847,8.40386565,11.40876042,7.431527632,12.08249069,7.157374239,9.824661436,8.991121533,4.240135872,7.732894374,11.08909458,5.274726884,8.893646978,11.61255226,8.832925922,5.998693856,6.082815812,5.525227772,9.858770602,2.716812109,4.450251675,7.165386089,8.721720832,3.72894472,9.860886192,1
5.019283261,11.76574771,10.39293126,11.45225081,11.0666497,9.413128527,9.586434111,9.996810194,10.51102113,14.65822297,10.81473055,3.44842282,10.97923998,12.8907241,5.770545119,9.129290365,9.775634297,10.94033554,4.635617596,8.647771338,4.273740668,9.599379941,6.967764435,12.68064026,9.004467528,9.125266206,12.19730189,6.231901233,12.1540888,7.119141841,8.617497506,9.71090102,13.53010563,13.02269036,10.25953412,9.244851807,9.900204581,12.22927267,13.00577344,8.05181154,6.880365364,8.396566285,10.54690199,4.574337855,10.69855955,11.79033712,10.46692631,11.93534808,10.9678303,9.165547495,12.72673835,7.814084729,9.275030853,12.26811259,8.335006977,11.63497489,7.143653351,10.039809,9.480761512,4.448114208,8.365510576,11.41776145,5.126081694,9.126437839,12.02463179,8.643852882,6.301941384,6.304882656,7.498936782,10.47174393,3.145254932,4.212265746,6.68007855,6.800092897,3.328758261,8.79823882,1
4.828905231,11.25448126,10.73141532,10.69409748,11.53883064,9.070993372,9.172636144,10.30533307,10.31533828,14.51008596,11.99383638,3.267475764,9.796454502,12.06918109,5.745747075,8.843484381,10.48082856,10.90306831,4.292088861,7.557878977,3.945289622,8.642086683,6.698842765,11.87774574,7.978885186,9.384125659,12.2121939,4.757133066,11.49350788,6.587799236,7.468096228,9.154856137,13.47657769,12.25705846,9.523459382,8.262342455,9.548311736,12.14811963,13.21247607,7.527222431,6.294585387,7.921281111,11.01418605,4.397917447,11.64210359,11.74670851,11.13766801,12.02199135,12.02331179,8.201358716,12.66473763,8.133154393,8.81832928,11.71875913,6.927563549,11.53228583,6.878802617,9.978298096,9.090362584,3.516127602,7.378499614,11.36129316,4.948413987,9.246162481,12.16029976,8.617029403,5.715640866,5.546032706,5.421746616,10.24704755,3.149659842,4.035574562,6.567072806,7.169124001,3.488348497,8.651668786,1
5.740287323,12.14448698,10.14750936,11.38981278,10.98152372,9.321626303,9.632673777,10.34114585,11.2844267,14.66622203,10.90075546,3.506448777,9.732448716,12.56837315,5.586763065,9.62914226,10.0983925,10.96259532,4.189205542,7.262153565,5.340719622,8.799386842,6.290646987,12.61166868,8.214385612,9.142089063,11.66934129,8.722297761,11.8167716,7.824327418,8.148460172,8.645537166,13.51751169,13.80539694,9.693567763,8.191493878,10.10602882,12.32314033,13.24893635,7.67767504,8.946589968,7.982772819,11.33202774,4.502037336,9.868623767,12.07933131,10.87374138,11.10758156,11.64334232,8.061920193,12.25381101,7.351301196,8.600315075,11.86588889,8.545411893,11.50650611,7.463508975,10.39932226,10.09440301,7.111031378,8.073578445,11.16813598,9.687344604,9.681447376,12.02764221,8.863622704,7.795719917,6.298545404,6.288862512,7.877017819,3.561635595,5.4398019,7.210893057,6.920873553,3.704554105,8.809118419,1
4.980741494,12.0134211,9.639124537,11.20082956,11.19015169,9.294435016,9.389686471,10.15224479,11.19846006,14.65309313,10.18108001,3.248582098,10.11660809,12.76707004,5.785750649,9.177521473,8.943310563,10.69874822,4.640786262,8.709188655,4.310815204,8.259922077,6.193734645,11.75595857,7.954330036,9.100374856,11.83448222,5.555746189,12.30820893,6.78058964,8.126560152,9.211085867,13.4818734,13.12975342,10.02726912,9.04240574,9.802570523,12.62915024,12.58007876,7.30940076,6.466214708,8.195593998,10.6911882,4.520210905,10.62180226,12.2206287,11.15218471,11.69068918,10.88089483,9.345653869,11.93260979,8.433225213,8.572091349,12.38525851,9.325518178,11.3711439,6.832387743,10.18570183,9.592132164,3.980525627,8.16088975,11.45984735,4.883292282,9.864976513,11.76543089,9.168116902,5.99387831,6.022452274,5.560118338,11.10077756,3.158004705,4.529580031,7.289332573,7.009051041,3.25013693,8.559039675,1
4.827809502,12.12426643,11.13133192,10.74752243,11.11363747,8.901313195,9.343772905,10.09226543,10.18608561,14.17033561,10.46600196,3.398956004,10.41080159,12.4165465,5.764115031,9.565097725,9.726973633,10.63287875,4.58688252,8.45448847,4.130100139,8.443452477,6.448504934,12.5811659,7.466798022,8.960682613,11.98336683,7.1700528,10.93810096,6.561831323,8.416873633,9.657993286,12.84337728,12.20330632,9.832218699,8.834307914,9.263268814,11.94053803,12.15407684,7.561359344,5.521460827,7.883336514,9.676697301,5.265254661,10.04166095,11.40414292,11.57982302,11.26695369,11.04496866,8.878786885,11.9787157,6.9030094,8.039690688,11.61575993,8.016567687,11.82007451,6.504110349,9.374189531,9.266081607,4.173025496,7.677011326,10.54817693,5.45742462,9.265129085,11.35058954,8.148789625,7.195792342,5.871981622,6.997238121,9.924966901,3.164023039,4.353052113,7.200799534,8.331470975,3.374580542,9.662821583,1
4.946891909,11.9439443,10.75226527,11.22156705,11.04652995,8.706542118,9.200667941,10.09964375,9.961674619,14.6599469,11.65649014,3.506111096,11.17144061,12.8514134,6.181986797,9.381410592,9.965821325,10.30263708,4.918817455,8.051240239,4.551217814,9.446141678,6.961660507,12.6368918,8.02550145,9.448684114,11.21770989,5.775345428,11.20396851,7.440677853,9.042008789,9.397866208,13.13962236,12.97807504,9.381215089,8.37162227,9.644714005,12.00381713,13.24074373,7.262464263,6.165173883,7.885343402,10.16499023,3.805403438,10.44238901,11.85252635,11.24897206,11.6314137,11.40475786,9.503380668,12.44597529,7.505292372,8.536315625,11.43554422,7.999460645,11.35481546,6.591654416,10.11724247,9.127888331,4.258592278,7.688020138,10.85372289,5.010508666,9.348164866,11.65501106,8.729140601,5.609164501,5.87599113,6.745722515,9.416409717,3.194115101,4.405064997,6.532565452,7.390057692,3.458017163,8.954935483,1
4.959736518,11.40454336,10.62846341,11.14788393,10.73601219,9.393508368,9.151565974,10.38075364,10.42191463,14.63443334,11.415826,3.308758896,9.833301078,12.46545443,6.180760127,9.161911238,9.875556437,10.67877225,4.440089702,7.077761874,4.472933137,9.142116833,7.966392549,11.40412718,7.782944519,9.902085519,11.57538635,4.730540701,11.55331635,6.931683406,8.044319421,9.643264738,13.31763883,13.26152966,8.880089147,9.205700455,9.826557012,12.7569831,13.34091664,7.690984349,6.852355902,8.342910539,10.85784038,4.30440534,11.19506474,11.72646932,11.60724731,12.19425693,10.92220803,7.735324887,12.09179712,7.624819372,8.863187152,11.59973497,7.586536198,11.60133776,7.568789555,9.800341908,9.793551333,4.400037693,7.82068844,11.01009279,5.772891075,9.688073804,11.86597523,9.265100191,6.290560545,5.460007486,6.231690164,9.779636691,3.29298736,4.14599986,6.576517692,7.518084799,3.312737844,9.435425098,1
5.172019061,11.92254215,10.3554617,11.16991479,11.08158004,9.488793421,8.747397045,10.2097164,10.09506142,14.52761856,12.30082092,3.339290075,10.75195284,12.80994748,5.907466067,9.692657065,10.21874587,10.50026465,4.65349878,9.167778578,4.12827613,9.027893665,9.129665183,12.61448133,7.442811195,9.310262973,11.50783205,5.619705366,11.19121109,6.23051305,8.145012904,9.323127444,13.00714387,12.47670687,8.865232597,8.70051726,9.628330982,12.20032395,13.34938509,7.457738508,6.008712479,7.327394319,9.961075547,3.86761212,10.79261367,11.99759901,11.48996166,12.05624434,11.28167996,10.29066167,12.59620274,7.48385447,9.09326529,11.38461808,6.85401757,11.63149036,6.811903888,10.17263972,9.116852175,4.619442211,7.776070962,10.97070576,5.368290789,9.144723549,11.81270883,8.580955613,5.608387844,6.314398531,5.163940152,9.556638548,3.094935502,4.509934854,6.671626123,7.311819489,3.817618719,9.418005244,1
5.289293495,12.09680256,10.69153208,11.61278114,11.65078274,9.138523601,9.406124967,10.46090043,10.35366208,14.58370501,10.71447344,3.472181778,10.84010263,12.15041576,5.70409378,9.464295812,10.36176325,10.71635855,4.332907365,8.220014347,5.088859261,8.952212952,6.265198726,12.81886626,7.439652838,9.818680645,11.92143432,6.217212865,11.54813731,8.60401109,8.509468714,9.578817001,13.41127156,12.90324684,8.929914939,8.96788829,9.480013407,12.18555783,13.37454195,7.451681734,8.185898218,7.757893069,10.21784941,4.116625175,10.59797742,11.75718851,11.6408504,11.45103624,11.33573962,8.909873329,13.07959364,7.569538017,9.181353407,11.68557003,7.791379657,11.70576412,7.06211608,10.00882784,9.69188285,6.366854625,7.55610758,11.170909,9.250756481,9.91314611,12.31763344,8.445187971,7.985824284,5.938974072,6.776694016,9.7545147,4.913039229,4.815769825,6.976084648,7.776381763,3.632147811,9.353596703,1
5.079362794,11.8215842,10.91966704,10.927488,11.21804135,9.020992693,9.408947809,10.10147436,10.65636957,14.60795205,10.87586259,3.322933779,11.32822301,11.8552597,5.792409754,9.12204588,9.803037072,10.33501351,4.881123558,8.883173143,4.569736072,9.946481369,6.080551016,12.13247556,8.415283724,9.402763459,11.86376688,5.631232562,11.55440416,6.860049546,8.349772643,10.3180708,13.32980166,12.73848675,9.422410896,8.605935108,9.800779082,12.34001495,13.06253808,7.516136595,6.515424439,8.391300623,10.13556443,4.837275322,10.07069834,11.72214371,11.07954741,11.4021108,10.76962382,9.737803003,11.68438551,7.366981982,8.719018251,11.72534348,8.435650693,11.28159747,7.187143527,9.985729114,9.325045436,4.389557838,7.962381784,10.95200648,4.86713997,9.601284135,11.58120283,8.805484599,6.328491382,5.849190354,6.265621318,7.696553488,3.144858617,4.637532078,6.986725162,7.013076863,3.217767867,8.945970047,1
5.075755708,12.0228431,11.13148914,10.73756014,11.83606985,9.400617077,9.358859063,10.29051291,10.42985509,14.56642111,10.8804934,3.462283815,10.38867761,11.77488353,6.19772859,9.347868264,10.40520641,10.27460323,4.387139799,7.764568697,4.402931011,9.048836201,6.580658835,12.81983103,8.422795272,8.75008965,11.48713633,5.856043101,11.48147696,6.513248058,7.836093722,10.00770623,13.27401544,12.94213966,8.976025603,7.677464916,9.368173246,12.00375013,12.69865552,7.800978145,6.654885771,8.215038924,10.50559014,4.341523543,10.11701597,11.74317259,10.94493453,11.55640676,11.77413327,8.793488625,12.35806854,6.434109282,8.729086631,11.59874212,6.078302307,11.41460749,7.161699222,9.635708591,9.419591573,4.389505937,7.474265536,10.96224255,5.498970603,9.208115316,11.33731715,8.238409014,5.844611145,5.569008074,5.903024646,8.961235169,3.019172156,4.605686841,6.939587668,7.045302591,3.450432185,8.823398097,1
5.092218212,12.30962801,10.80828679,10.8376333,10.63848991,9.324817969,9.63174115,10.74105042,10.53498471,14.58414193,10.37756509,3.381897416,10.62196183,12.86552359,6.264955311,9.292267036,9.535611042,9.998063319,4.911151259,7.396859202,4.569306839,9.25019162,5.708194117,12.40519172,7.73410589,8.98476116,10.74497377,6.503286675,11.80062959,9.071179554,8.148147179,10.08942787,12.75651049,13.15835913,8.866463261,8.418849367,9.356133249,11.74921451,12.91127697,7.051101275,6.78373581,8.252371957,10.93526778,4.284370182,9.4933584,11.7501384,11.15893346,10.67958702,10.64489308,8.126557224,12.33223333,6.342486113,7.467908871,11.66746003,7.582418341,11.18085857,7.304835687,9.350168555,9.523648448,4.345146942,7.640331478,10.43401295,5.882617982,9.642760389,11.415518,8.225787688,6.400712787,5.606502915,6.798866171,7.685508377,3.215703764,4.69723254,6.353158298,6.982011253,3.337871893,8.912776629,1
5.305708057,12.4307399,11.5712912,10.5067613,10.42143846,8.836262387,8.914738876,9.533137237,8.717334974,14.30456888,10.04218234,3.455784747,10.84799112,10.52410959,5.965067557,8.49834698,8.944712509,9.140839074,4.554283837,8.130402993,4.271958165,8.363202703,5.062145835,11.09449973,6.38252641,7.938142673,10.31598984,8.119455893,10.9347425,6.663928645,7.483094597,10.41814784,12.56888142,11.50349475,7.723824528,7.627064499,8.960769495,11.58357165,12.32166323,7.265931215,5.989745103,8.931900581,8.50028272,4.668080045,8.823679078,11.21277648,8.944559392,10.97208184,9.547005553,8.104723704,11.40477982,6.43929046,7.110239791,10.50318777,6.209428707,10.2565595,7.156899885,8.998895812,8.556649939,3.798566746,6.811628332,9.417378236,5.121839282,8.791002361,10.28558596,7.714137397,7.594004504,6.16091134,8.293569823,7.486433294,3.151206504,4.226476028,5.482118065,6.469291021,3.901444157,7.548352554,1
5.018343698,11.72286355,10.37747685,11.273357,11.10777427,9.54098864,9.184860408,9.846942951,10.51661088,14.62427126,12.01736922,3.630078113,10.53044724,12.51375073,5.644590559,9.430659841,10.0744283,10.85311331,4.611210278,8.352140261,4.309939898,8.973356395,7.252073702,11.18980047,7.953842767,9.620660977,11.60667166,6.393794617,11.64963144,6.516629368,8.093172796,9.558564461,13.28758991,12.88520592,9.324785031,8.315366049,9.737297062,12.39448214,13.42689167,7.190203491,5.991670472,7.943953783,9.9541948,4.468159002,10.70255353,11.68310311,10.56100893,11.54924476,11.61185824,9.068094483,12.82806093,7.275569836,8.562297966,11.75250688,7.685984656,11.37837669,7.37896326,9.965682572,9.203502486,4.20764354,7.732151275,10.70251016,5.086290426,9.343647323,11.74190246,8.788771545,6.407453026,6.033366903,6.087060348,10.51129207,3.05133708,4.32389011,6.891307971,7.176818436,3.939995317,9.184630408,1
5.029928591,11.57000345,9.73539877,10.96372227,11.08316404,8.961995943,9.294508904,10.31915048,11.07081096,14.67283322,10.67977864,3.343267185,10.19869276,12.10447405,5.79076707,9.448162664,9.824605095,10.76134123,5.111308573,8.236599504,3.882230132,9.058538585,6.248013601,11.74282079,8.249017709,9.268761272,11.96849005,5.416254311,11.768287,7.506993969,7.816123177,9.388593808,13.25079787,12.59939747,9.657065857,9.189988318,9.860402592,12.22999941,13.59759382,7.270678074,7.289420861,7.81757846,10.64251233,4.415742127,10.11327504,11.74237893,11.3571587,10.67510196,10.86124342,8.831132765,12.4147202,7.942847931,8.499783728,11.93816147,8.348861248,11.44956123,6.558199811,10.25285652,9.14993057,4.535262538,7.719325848,11.15059802,6.849381411,9.479571468,12.01948469,8.950632135,5.460837988,5.706673666,5.275564264,9.028532328,2.756551908,4.482738646,7.250443386,6.683053924,3.398128727,9.310665494,1
4.900444189,11.38883728,10.59606653,11.22807497,11.79130428,9.360400324,9.27748539,9.91134997,10.65390983,14.65309313,11.90559591,3.484066708,10.2837137,11.93913328,5.511776492,9.536520796,10.32571151,10.417189,4.6535361,8.215480244,4.281330413,9.211237592,7.140298249,12.80226125,8.511629032,9.428633925,12.00173157,5.41940237,11.98958599,6.941918326,7.449799574,9.466571765,13.56282741,12.98061236,8.786091492,8.020129702,9.757773215,12.33171982,13.30395761,7.284276937,6.206723216,8.042202796,10.5241985,4.42186954,10.52417501,11.83468068,11.10888454,11.71194642,11.21655696,9.104375083,12.80228195,7.542148543,8.730206527,11.7435259,7.827035991,11.49623139,7.151422243,10.24551558,9.382052775,4.027558782,7.677686863,11.13967903,5.107044536,9.436982996,11.57737777,8.748146249,6.162642058,5.231292116,6.246106304,9.251128732,2.998329167,4.139910885,6.97982231,7.086259723,3.493635924,9.135315426,1
4.90969837,11.55454373,10.4943103,10.99999979,11.05334354,8.897547577,9.337570858,9.751366551,10.04035671,14.68614168,11.31969649,3.177784612,10.86210386,11.98819999,5.494627876,9.25926625,10.03113885,10.59654177,4.705572554,8.903029941,4.52066189,9.580707492,7.1470626,13.18764828,8.669857622,9.637011227,12.11487074,5.407075106,12.11597694,6.48074217,8.308078624,9.368535619,13.38327234,12.98109776,9.607489229,9.62376036,9.418114553,12.09327668,13.27480261,7.43253402,6.79138013,7.895179547,10.48238078,4.129006273,10.96503989,11.55285929,11.62143548,11.66647745,11.24870471,9.955716772,12.77226107,7.2756954,9.412620777,11.32544448,7.496424023,11.61134033,7.200593702,9.739798804,9.417653781,4.241999293,7.747369055,11.08664602,4.999601323,9.842027107,11.67368831,8.603606023,5.537598501,5.627908774,5.456850761,8.446444112,3.033708527,4.229779183,6.428323798,7.252757375,3.24185464,8.927121159,1
7.746881765,10.90769616,13.93867547,7.229466537,8.899208264,7.721576963,7.825810269,7.032277904,5.147338351,9.894172777,4.925382037,11.4756771,9.900145357,7.603167373,8.428507206,6.89385452,8.324282443,4.881974373,9.133641396,6.709167298,4.092881527,6.841086479,4.024250559,3.648105253,4.935428139,5.732744355,5.676493037,7.568387095,5.856071025,6.106188216,5.67366758,12.20398863,8.064238301,8.24973631,6.018301062,4.768243181,5.984697623,5.486180425,6.21791261,11.31575185,5.678904414,9.944459796,5.711954534,8.674485173,5.768806605,8.875840994,5.848755083,7.047518341,7.726208422,9.019905387,6.203956134,3.071304027,4.794242245,5.966327155,4.599537762,5.11597733,7.897022106,6.357783786,4.954911899,4.233794932,6.08498579,6.597676626,5.114418807,5.78561089,5.816536165,6.304600069,6.118090798,5.928777866,6.246312004,4.054443167,3.107892323,4.430943162,4.074234743,5.090801628,9.10368436,5.267377004,0
